predicted_for_sorteo,method,predicted_numbers,predicted_group,predicted_at,evaluated,evaluated_at,actual_sorteo,actual_number,hit_number,hit_group,hit_rank
12809,bucket_first_k2,"[45, 0, 41, 21, 25, 92, 95, 50, 67, 96]",0,2026-05-18T00:55:09.798706,True,2026-05-18T03:20:06.370645,12809,99,False,False,
12809,bucket_first_auto,"[45, 92, 50, 21, 32, 67, 87, 12, 0, 79]",0,2026-05-18T00:55:09.798706,True,2026-05-18T03:20:06.370957,12809,99,False,False,
12809,group_streaks,"[92, 95, 50, 67, 96, 87, 52, 55, 57, 60]",1,2026-05-18T00:55:09.798706,True,2026-05-18T03:20:06.371179,12809,99,False,True,
12809,bucket_first_k2_20,"[45, 0, 41, 21, 25, 43, 23, 42, 32, 12, 36, 92, 95, 50, 67, 96, 87, 52, 55, 57]",0,2026-05-18T00:55:09.798706,True,2026-05-18T03:20:06.371397,12809,99,False,False,
12809,bucket_first_auto_20,"[45, 41, 43, 92, 95, 50, 52, 21, 25, 32, 36, 67, 60, 87, 83, 12, 17, 0, 4, 79]",0,2026-05-18T00:55:09.798706,True,2026-05-18T03:20:06.371612,12809,99,False,False,
12809,group_streaks_20,"[92, 95, 50, 67, 96, 87, 52, 55, 57, 60, 93, 83, 79, 98, 56, 73, 53, 88, 89, 81]",1,2026-05-18T00:55:09.798706,True,2026-05-18T03:20:06.371828,12809,99,False,True,
12810,bucket_first_k2,"[45, 0, 41, 21, 25, 99, 95, 50, 96, 67]",0,2026-05-18T03:20:06.404006,True,2026-05-18T18:20:06.494587,12810,58,False,False,
12810,bucket_first_auto,"[99, 45, 50, 21, 32, 67, 87, 12, 0, 79]",0,2026-05-18T03:20:06.404006,True,2026-05-18T18:20:06.494990,12810,58,False,False,
12810,group_streaks,"[99, 95, 50, 96, 67, 87, 52, 92, 55, 57]",1,2026-05-18T03:20:06.404006,True,2026-05-18T18:20:06.495215,12810,58,False,True,
12810,bucket_first_k2_20,"[45, 0, 41, 21, 25, 43, 23, 42, 32, 12, 99, 95, 50, 96, 67, 87, 52, 92, 55, 57]",0,2026-05-18T03:20:06.404006,True,2026-05-18T18:20:06.495429,12810,58,False,False,
12810,bucket_first_auto_20,"[99, 95, 96, 45, 41, 43, 50, 52, 21, 25, 32, 36, 67, 60, 87, 83, 12, 17, 0, 79]",0,2026-05-18T03:20:06.404006,True,2026-05-18T18:20:06.495640,12810,58,False,False,
12810,group_streaks_20,"[99, 95, 50, 96, 67, 87, 52, 92, 55, 57, 60, 93, 79, 83, 98, 56, 73, 53, 88, 89]",1,2026-05-18T03:20:06.404006,True,2026-05-18T18:20:06.495849,12810,58,False,True,
12811,bucket_first_k2,"[45, 0, 41, 21, 25, 58, 95, 50, 96, 67]",0,2026-05-18T18:20:06.522315,True,2026-05-18T21:20:05.372248,12811,90,False,False,
12811,bucket_first_auto,"[95, 45, 58, 21, 32, 67, 87, 12, 0, 79]",0,2026-05-18T18:20:06.522315,True,2026-05-18T21:20:05.372708,12811,90,False,False,
12811,group_streaks,"[58, 95, 50, 96, 67, 87, 52, 99, 92, 55]",1,2026-05-18T18:20:06.522315,True,2026-05-18T21:20:05.373110,12811,90,False,True,
12811,bucket_first_k2_20,"[45, 0, 41, 21, 25, 43, 23, 42, 12, 32, 58, 95, 50, 96, 67, 87, 52, 99, 92, 55]",0,2026-05-18T18:20:06.522315,True,2026-05-18T21:20:05.373575,12811,90,False,False,
12811,bucket_first_auto_20,"[95, 96, 99, 45, 41, 43, 58, 50, 52, 21, 25, 32, 36, 67, 60, 87, 83, 12, 0, 79]",1,2026-05-18T18:20:06.522315,True,2026-05-18T21:20:05.373982,12811,90,False,True,
12811,group_streaks_20,"[58, 95, 50, 96, 67, 87, 52, 99, 92, 55, 57, 60, 93, 79, 83, 98, 56, 73, 53, 88]",1,2026-05-18T18:20:06.522315,True,2026-05-18T21:20:05.374383,12811,90,False,True,
12812,bucket_first_k2,"[90, 95, 50, 96, 87, 45, 0, 41, 21, 25]",0,2026-05-18T21:20:05.394371,True,2026-05-21T19:45:52.826307,12812,11,False,True,
12812,bucket_first_auto,"[90, 45, 50, 21, 32, 67, 87, 12, 0, 79]",0,2026-05-18T21:20:05.394371,True,2026-05-21T19:45:52.826538,12812,11,False,True,
12812,group_streaks,"[90, 95, 50, 96, 87, 67, 52, 58, 99, 92]",1,2026-05-18T21:20:05.394371,True,2026-05-21T19:45:52.826749,12812,11,False,False,
12812,bucket_first_k2_20,"[90, 95, 50, 96, 87, 67, 52, 58, 99, 92, 45, 0, 41, 21, 25, 43, 23, 42, 12, 32]",0,2026-05-18T21:20:05.394371,True,2026-05-21T19:45:52.826963,12812,11,False,True,
12812,bucket_first_auto_20,"[90, 95, 96, 45, 41, 43, 50, 52, 58, 21, 25, 32, 33, 67, 60, 87, 83, 12, 0, 79]",1,2026-05-18T21:20:05.394371,True,2026-05-21T19:45:52.827182,12812,11,False,False,
12812,group_streaks_20,"[90, 95, 50, 96, 87, 67, 52, 58, 99, 92, 55, 57, 60, 93, 79, 83, 98, 73, 56, 53]",1,2026-05-18T21:20:05.394371,True,2026-05-21T19:45:52.827389,12812,11,False,False,
12822,bucket_first_k2,"[95, 50, 96, 55, 87, 38, 45, 0, 41, 39]",0,2026-05-21T15:12:19.748436,True,2026-05-21T19:45:52.827612,12822,5,False,True,
12822,bucket_first_auto,"[95, 50, 38, 45, 67, 21, 11, 0, 87, 79]",0,2026-05-21T15:12:19.748436,True,2026-05-21T19:45:52.827819,12822,5,False,True,
12822,group_streaks,"[95, 50, 96, 55, 87, 52, 67, 62, 91, 58]",1,2026-05-21T15:12:19.748436,True,2026-05-21T19:45:52.828024,12822,5,False,False,
12822,bucket_first_k2_20,"[95, 50, 96, 55, 87, 52, 67, 62, 91, 58, 38, 45, 0, 41, 39, 11, 21, 7, 20, 25]",0,2026-05-21T15:12:19.748436,True,2026-05-21T19:45:52.828240,12822,5,False,True,
12822,bucket_first_auto_20,"[95, 96, 91, 50, 55, 38, 39, 45, 41, 67, 62, 21, 20, 11, 12, 0, 7, 87, 83, 79]",0,2026-05-21T15:12:19.748436,True,2026-05-21T19:45:52.828441,12822,5,False,True,
12822,group_streaks_20,"[95, 50, 96, 55, 87, 52, 67, 62, 91, 58, 63, 99, 90, 92, 60, 57, 93, 79, 83, 73]",1,2026-05-21T15:12:19.748436,True,2026-05-21T19:45:52.828693,12822,5,False,False,
12822,interval_k10_det_10,"[95, 96, 91, 99, 90, 92, 93, 98, 94, 97]",1,2026-05-21T15:12:19.748436,True,2026-05-21T19:45:52.828897,12822,5,False,False,
12822,interval_k10_rand_10,"[94, 98, 95, 96, 99, 90, 92, 93, 91, 97]",1,2026-05-21T15:12:19.748436,True,2026-05-21T19:45:52.829098,12822,5,False,False,
12822,interval_k10_det_20,"[95, 96, 91, 99, 90, 92, 93, 98, 94, 97, 38, 45, 50, 0, 41, 55, 87, 52, 39, 67]",1,2026-05-21T15:12:19.748436,True,2026-05-21T19:45:52.829302,12822,5,False,False,
12822,interval_k10_rand_20,"[94, 93, 95, 98, 90, 92, 97, 99, 96, 91, 38, 45, 50, 0, 41, 55, 87, 52, 39, 67]",1,2026-05-21T15:12:19.748436,True,2026-05-21T19:45:52.829504,12822,5,False,False,
12822,interval_k20_det_10,"[45, 50, 41, 55, 52, 58, 43, 57, 42, 56]",1,2026-05-21T15:12:19.748436,True,2026-05-21T19:45:52.829705,12822,5,False,False,
12822,interval_k20_rand_10,"[56, 57, 44, 40, 59, 58, 55, 41, 50, 48]",1,2026-05-21T15:12:19.748436,True,2026-05-21T19:45:52.829970,12822,5,False,False,
12822,interval_k20_det_20,"[45, 50, 41, 55, 52, 58, 43, 57, 42, 56, 53, 59, 49, 40, 46, 51, 44, 54, 48, 47]",0,2026-05-21T15:12:19.748436,True,2026-05-21T19:45:52.830186,12822,5,False,True,
12822,interval_k20_rand_20,"[52, 59, 47, 55, 46, 49, 53, 45, 50, 48, 51, 56, 42, 40, 41, 43, 57, 44, 58, 54]",0,2026-05-21T15:12:19.748436,True,2026-05-21T19:45:52.830397,12822,5,False,True,
12823,bucket_first_k2,"[5, 45, 0, 41, 39, 95, 50, 96, 87, 55]",0,2026-05-21T19:45:52.866344,True,2026-05-21T21:20:05.843567,12823,35,False,True,
12823,bucket_first_auto,"[95, 50, 39, 45, 67, 21, 5, 11, 87, 79]",0,2026-05-21T19:45:52.866344,True,2026-05-21T21:20:05.843798,12823,35,False,True,
12823,group_streaks,"[5, 45, 0, 41, 39, 38, 11, 21, 7, 20]",0,2026-05-21T19:45:52.866344,True,2026-05-21T21:20:05.844008,12823,35,False,True,
12823,bucket_first_k2_20,"[5, 45, 0, 41, 39, 38, 11, 21, 7, 20, 95, 50, 96, 87, 55, 52, 67, 62, 91, 58]",0,2026-05-21T19:45:52.866344,True,2026-05-21T21:20:05.844222,12823,35,False,True,
12823,bucket_first_auto_20,"[95, 96, 91, 50, 55, 39, 38, 45, 41, 67, 62, 21, 20, 5, 0, 11, 12, 87, 83, 79]",0,2026-05-21T19:45:52.866344,True,2026-05-21T21:20:05.844436,12823,35,False,True,
12823,group_streaks_20,"[5, 45, 0, 41, 39, 38, 11, 21, 7, 20, 25, 43, 23, 42, 12, 32, 31, 17, 33, 34]",0,2026-05-21T19:45:52.866344,True,2026-05-21T21:20:05.844695,12823,35,False,True,
12823,interval_k10_det_10,"[95, 96, 91, 99, 90, 92, 93, 98, 94, 97]",1,2026-05-21T19:45:52.866344,True,2026-05-21T21:20:05.844905,12823,35,False,False,
12823,interval_k10_rand_10,"[99, 97, 92, 93, 96, 95, 91, 90, 98, 94]",1,2026-05-21T19:45:52.866344,True,2026-05-21T21:20:05.845112,12823,35,False,False,
12823,interval_k10_det_20,"[95, 96, 91, 99, 90, 92, 93, 98, 94, 97, 5, 45, 50, 0, 41, 87, 55, 52, 39, 67]",1,2026-05-21T19:45:52.866344,True,2026-05-21T21:20:05.845319,12823,35,False,False,
12823,interval_k10_rand_20,"[93, 92, 97, 95, 94, 90, 96, 99, 91, 98, 5, 45, 50, 0, 41, 87, 55, 52, 39, 67]",1,2026-05-21T19:45:52.866344,True,2026-05-21T21:20:05.845531,12823,35,False,False,
12823,interval_k20_det_10,"[45, 50, 41, 55, 52, 58, 43, 57, 42, 56]",1,2026-05-21T19:45:52.866344,True,2026-05-21T21:20:05.845739,12823,35,False,False,
12823,interval_k20_rand_10,"[44, 45, 51, 57, 49, 58, 55, 59, 41, 52]",1,2026-05-21T19:45:52.866344,True,2026-05-21T21:20:05.845945,12823,35,False,False,
12823,interval_k20_det_20,"[45, 50, 41, 55, 52, 58, 43, 57, 42, 56, 53, 59, 49, 40, 46, 51, 44, 54, 48, 47]",0,2026-05-21T19:45:52.866344,True,2026-05-21T21:20:05.846153,12823,35,False,True,
12823,interval_k20_rand_20,"[58, 53, 52, 46, 50, 41, 54, 55, 57, 48, 59, 43, 49, 45, 56, 44, 40, 51, 47, 42]",0,2026-05-21T19:45:52.866344,True,2026-05-21T21:20:05.846361,12823,35,False,True,
12824,bucket_first_k2,"[35, 45, 0, 41, 39, 95, 50, 96, 87, 55]",0,2026-05-21T21:20:05.878026,True,2026-05-22T00:20:05.803990,12824,62,False,False,
12824,bucket_first_auto,"[95, 35, 50, 45, 67, 21, 0, 11, 87, 79]",0,2026-05-21T21:20:05.878026,True,2026-05-22T00:20:05.804335,12824,62,False,False,
12824,group_streaks,"[35, 45, 0, 41, 39, 5, 38, 11, 21, 7]",0,2026-05-21T21:20:05.878026,True,2026-05-22T00:20:05.804794,12824,62,False,False,
12824,bucket_first_k2_20,"[35, 45, 0, 41, 39, 5, 38, 11, 21, 7, 95, 50, 96, 87, 55, 52, 67, 62, 91, 58]",0,2026-05-21T21:20:05.878026,True,2026-05-22T00:20:05.805195,12824,62,True,False,18
12824,bucket_first_auto_20,"[95, 96, 91, 35, 39, 38, 50, 55, 45, 41, 67, 62, 21, 20, 0, 5, 11, 12, 87, 79]",0,2026-05-21T21:20:05.878026,True,2026-05-22T00:20:05.805592,12824,62,True,False,12
12824,group_streaks_20,"[35, 45, 0, 41, 39, 5, 38, 11, 21, 7, 20, 25, 43, 23, 42, 12, 31, 32, 17, 33]",0,2026-05-21T21:20:05.878026,True,2026-05-22T00:20:05.805818,12824,62,False,False,
12824,interval_k10_det_10,"[95, 96, 91, 99, 90, 92, 93, 98, 94, 97]",1,2026-05-21T21:20:05.878026,True,2026-05-22T00:20:05.806028,12824,62,False,True,
12824,interval_k10_rand_10,"[99, 93, 90, 97, 91, 94, 96, 92, 95, 98]",1,2026-05-21T21:20:05.878026,True,2026-05-22T00:20:05.806238,12824,62,False,True,
12824,interval_k10_det_20,"[95, 96, 91, 99, 90, 92, 93, 98, 94, 97, 35, 45, 50, 0, 41, 87, 55, 52, 39, 67]",1,2026-05-21T21:20:05.878026,True,2026-05-22T00:20:05.806448,12824,62,False,True,
12824,interval_k10_rand_20,"[99, 90, 97, 93, 96, 91, 95, 92, 98, 94, 35, 45, 50, 0, 41, 87, 55, 52, 39, 67]",1,2026-05-21T21:20:05.878026,True,2026-05-22T00:20:05.806658,12824,62,False,True,
12824,interval_k20_det_10,"[35, 39, 38, 21, 20, 25, 23, 31, 32, 33]",0,2026-05-21T21:20:05.878026,True,2026-05-22T00:20:05.806868,12824,62,False,False,
12824,interval_k20_rand_10,"[31, 27, 33, 38, 32, 35, 25, 37, 26, 21]",0,2026-05-21T21:20:05.878026,True,2026-05-22T00:20:05.807074,12824,62,False,False,
12824,interval_k20_det_20,"[35, 39, 38, 21, 20, 25, 23, 31, 32, 33, 34, 36, 29, 27, 26, 28, 30, 37, 22, 24]",0,2026-05-21T21:20:05.878026,True,2026-05-22T00:20:05.807283,12824,62,False,False,
12824,interval_k20_rand_20,"[25, 31, 27, 33, 38, 30, 24, 28, 21, 22, 39, 35, 29, 20, 26, 23, 34, 32, 36, 37]",0,2026-05-21T21:20:05.878026,True,2026-05-22T00:20:05.807511,12824,62,False,False,
12825,bucket_first_k2,"[45, 0, 41, 39, 5, 62, 95, 50, 96, 87]",0,2026-05-22T00:20:05.858224,True,2026-05-22T03:20:05.622227,12825,60,False,False,
12825,bucket_first_auto,"[95, 39, 62, 50, 45, 21, 0, 11, 87, 79]",0,2026-05-22T00:20:05.858224,True,2026-05-22T03:20:05.622642,12825,60,False,False,
12825,group_streaks,"[62, 95, 50, 96, 87, 55, 52, 67, 91, 58]",1,2026-05-22T00:20:05.858224,True,2026-05-22T03:20:05.623032,12825,60,False,True,
12825,bucket_first_k2_20,"[45, 0, 41, 39, 5, 38, 35, 11, 21, 7, 62, 95, 50, 96, 87, 55, 52, 67, 91, 58]",0,2026-05-22T00:20:05.858224,True,2026-05-22T03:20:05.623353,12825,60,False,False,
12825,bucket_first_auto_20,"[95, 96, 91, 39, 38, 35, 62, 67, 50, 55, 45, 41, 21, 20, 0, 5, 11, 12, 87, 79]",0,2026-05-22T00:20:05.858224,True,2026-05-22T03:20:05.623569,12825,60,False,False,
12825,group_streaks_20,"[62, 95, 50, 96, 87, 55, 52, 67, 91, 58, 63, 99, 90, 92, 60, 57, 93, 79, 83, 73]",1,2026-05-22T00:20:05.858224,True,2026-05-22T03:20:05.623781,12825,60,True,True,15
12825,interval_k10_det_10,"[95, 96, 91, 99, 90, 92, 93, 98, 94, 97]",1,2026-05-22T00:20:05.858224,True,2026-05-22T03:20:05.623993,12825,60,False,True,
12825,interval_k10_rand_10,"[93, 99, 98, 91, 92, 97, 95, 90, 94, 96]",1,2026-05-22T00:20:05.858224,True,2026-05-22T03:20:05.624204,12825,60,False,True,
12825,interval_k10_det_20,"[95, 96, 91, 99, 90, 92, 93, 98, 94, 97, 62, 45, 50, 0, 41, 87, 55, 52, 39, 67]",1,2026-05-22T00:20:05.858224,True,2026-05-22T03:20:05.624414,12825,60,False,True,
12825,interval_k10_rand_20,"[90, 93, 92, 99, 97, 91, 94, 95, 96, 98, 62, 45, 50, 0, 41, 87, 55, 52, 39, 67]",1,2026-05-22T00:20:05.858224,True,2026-05-22T03:20:05.624677,12825,60,False,True,
12825,interval_k20_det_10,"[39, 38, 35, 21, 20, 25, 23, 31, 32, 33]",0,2026-05-22T00:20:05.858224,True,2026-05-22T03:20:05.624886,12825,60,False,False,
12825,interval_k20_rand_10,"[21, 26, 38, 23, 33, 27, 34, 35, 30, 20]",0,2026-05-22T00:20:05.858224,True,2026-05-22T03:20:05.625094,12825,60,False,False,
12825,interval_k20_det_20,"[39, 38, 35, 21, 20, 25, 23, 31, 32, 33, 34, 36, 29, 27, 26, 28, 30, 37, 22, 24]",0,2026-05-22T00:20:05.858224,True,2026-05-22T03:20:05.625301,12825,60,False,False,
12825,interval_k20_rand_20,"[20, 39, 36, 24, 25, 35, 23, 34, 21, 28, 27, 33, 31, 22, 26, 29, 30, 38, 32, 37]",0,2026-05-22T00:20:05.858224,True,2026-05-22T03:20:05.625507,12825,60,False,False,
12826,bucket_first_k2,"[60, 95, 50, 62, 96, 45, 0, 41, 39, 5]",0,2026-05-22T03:20:05.655652,True,2026-05-22T18:20:05.855815,12826,56,False,False,
12826,bucket_first_auto,"[95, 60, 39, 50, 45, 21, 0, 11, 87, 79]",0,2026-05-22T03:20:05.655652,True,2026-05-22T18:20:05.856046,12826,56,False,False,
12826,group_streaks,"[60, 95, 50, 62, 96, 87, 55, 52, 67, 58]",1,2026-05-22T03:20:05.655652,True,2026-05-22T18:20:05.856256,12826,56,False,True,
12826,bucket_first_k2_20,"[60, 95, 50, 62, 96, 87, 55, 52, 67, 58, 45, 0, 41, 39, 5, 38, 35, 11, 21, 7]",0,2026-05-22T03:20:05.655652,True,2026-05-22T18:20:05.856467,12826,56,False,False,
12826,bucket_first_auto_20,"[95, 96, 91, 60, 62, 67, 39, 38, 50, 55, 45, 41, 21, 20, 0, 5, 11, 12, 87, 79]",0,2026-05-22T03:20:05.655652,True,2026-05-22T18:20:05.856730,12826,56,False,False,
12826,group_streaks_20,"[60, 95, 50, 62, 96, 87, 55, 52, 67, 58, 91, 63, 99, 90, 92, 57, 93, 79, 73, 83]",1,2026-05-22T03:20:05.655652,True,2026-05-22T18:20:05.857016,12826,56,False,True,
12826,interval_k10_det_10,"[95, 96, 91, 99, 90, 92, 93, 98, 94, 97]",1,2026-05-22T03:20:05.655652,True,2026-05-22T18:20:05.857226,12826,56,False,True,
12826,interval_k10_rand_10,"[96, 95, 99, 97, 91, 94, 93, 92, 90, 98]",1,2026-05-22T03:20:05.655652,True,2026-05-22T18:20:05.857433,12826,56,False,True,
12826,interval_k10_det_20,"[95, 96, 91, 99, 90, 92, 93, 98, 94, 97, 60, 45, 50, 62, 0, 41, 87, 55, 52, 39]",1,2026-05-22T03:20:05.655652,True,2026-05-22T18:20:05.857640,12826,56,False,True,
12826,interval_k10_rand_20,"[99, 95, 93, 98, 96, 91, 92, 94, 90, 97, 60, 45, 50, 62, 0, 41, 87, 55, 52, 39]",1,2026-05-22T03:20:05.655652,True,2026-05-22T18:20:05.857852,12826,56,False,True,
12826,interval_k20_det_10,"[39, 38, 35, 21, 20, 25, 23, 31, 32, 33]",0,2026-05-22T03:20:05.655652,True,2026-05-22T18:20:05.858059,12826,56,False,False,
12826,interval_k20_rand_10,"[38, 35, 37, 20, 39, 29, 23, 21, 25, 26]",0,2026-05-22T03:20:05.655652,True,2026-05-22T18:20:05.858262,12826,56,False,False,
12826,interval_k20_det_20,"[39, 38, 35, 21, 20, 25, 23, 31, 32, 33, 34, 36, 29, 27, 26, 28, 30, 37, 22, 24]",0,2026-05-22T03:20:05.655652,True,2026-05-22T18:20:05.858468,12826,56,False,False,
12826,interval_k20_rand_20,"[22, 38, 21, 24, 34, 39, 26, 20, 31, 35, 27, 25, 23, 30, 29, 33, 37, 28, 36, 32]",0,2026-05-22T03:20:05.655652,True,2026-05-22T18:20:05.858699,12826,56,False,False,
12827,bucket_first_k2,"[56, 95, 50, 62, 96, 45, 0, 41, 39, 5]",0,2026-05-22T18:20:05.900747,True,2026-05-22T21:20:05.202977,12827,57,False,False,
12827,bucket_first_auto,"[95, 62, 56, 39, 45, 21, 0, 11, 87, 79]",0,2026-05-22T18:20:05.900747,True,2026-05-22T21:20:05.203222,12827,57,False,False,
12827,group_streaks,"[56, 95, 50, 62, 96, 60, 87, 52, 55, 67]",1,2026-05-22T18:20:05.900747,True,2026-05-22T21:20:05.203431,12827,57,False,True,
12827,bucket_first_k2_20,"[56, 95, 50, 62, 96, 60, 87, 52, 55, 67, 45, 0, 41, 39, 5, 38, 35, 11, 21, 7]",0,2026-05-22T18:20:05.900747,True,2026-05-22T21:20:05.203636,12827,57,False,False,
12827,bucket_first_auto_20,"[95, 96, 91, 62, 60, 67, 56, 50, 52, 39, 38, 45, 41, 21, 20, 0, 5, 11, 87, 79]",1,2026-05-22T18:20:05.900747,True,2026-05-22T21:20:05.203849,12827,57,False,True,
12827,group_streaks_20,"[56, 95, 50, 62, 96, 60, 87, 52, 55, 67, 58, 91, 63, 99, 92, 90, 57, 93, 79, 73]",1,2026-05-22T18:20:05.900747,True,2026-05-22T21:20:05.204052,12827,57,True,True,17
12827,interval_k10_det_10,"[95, 96, 91, 99, 92, 90, 93, 98, 94, 97]",1,2026-05-22T18:20:05.900747,True,2026-05-22T21:20:05.204247,12827,57,False,True,
12827,interval_k10_rand_10,"[96, 90, 92, 99, 98, 95, 94, 93, 97, 91]",1,2026-05-22T18:20:05.900747,True,2026-05-22T21:20:05.204461,12827,57,False,True,
12827,interval_k10_det_20,"[95, 96, 91, 99, 92, 90, 93, 98, 94, 97, 56, 45, 50, 0, 62, 60, 41, 87, 52, 55]",1,2026-05-22T18:20:05.900747,True,2026-05-22T21:20:05.204712,12827,57,False,True,
12827,interval_k10_rand_20,"[96, 91, 97, 95, 92, 98, 94, 93, 99, 90, 56, 45, 50, 0, 62, 60, 41, 87, 52, 55]",1,2026-05-22T18:20:05.900747,True,2026-05-22T21:20:05.204930,12827,57,False,True,
12827,interval_k20_det_10,"[56, 45, 50, 41, 52, 55, 58, 43, 57, 42]",1,2026-05-22T18:20:05.900747,True,2026-05-22T21:20:05.205127,12827,57,True,True,9
12827,interval_k20_rand_10,"[45, 41, 50, 57, 48, 49, 44, 52, 53, 51]",0,2026-05-22T18:20:05.900747,True,2026-05-22T21:20:05.205328,12827,57,True,False,4
12827,interval_k20_det_20,"[56, 45, 50, 41, 52, 55, 58, 43, 57, 42, 53, 59, 49, 40, 46, 51, 44, 54, 48, 47]",0,2026-05-22T18:20:05.900747,True,2026-05-22T21:20:05.205556,12827,57,True,False,9
12827,interval_k20_rand_20,"[57, 58, 55, 54, 41, 46, 42, 53, 52, 49, 56, 45, 51, 40, 43, 59, 48, 50, 44, 47]",0,2026-05-22T18:20:05.900747,True,2026-05-22T21:20:05.205766,12827,57,True,False,1
12828,bucket_first_k2,"[57, 95, 50, 62, 96, 45, 0, 41, 39, 5]",0,2026-05-22T21:20:05.233843,True,2026-05-23T00:20:05.651309,12828,74,False,False,
12828,bucket_first_auto,"[57, 95, 62, 39, 45, 21, 0, 11, 87, 79]",0,2026-05-22T21:20:05.233843,True,2026-05-23T00:20:05.651738,12828,74,False,False,
12828,group_streaks,"[57, 95, 50, 62, 96, 60, 87, 52, 55, 56]",1,2026-05-22T21:20:05.233843,True,2026-05-23T00:20:05.652142,12828,74,False,True,
12828,bucket_first_k2_20,"[57, 95, 50, 62, 96, 60, 87, 52, 55, 56, 45, 0, 41, 39, 5, 38, 35, 11, 21, 7]",0,2026-05-22T21:20:05.233843,True,2026-05-23T00:20:05.652631,12828,74,False,False,
12828,bucket_first_auto_20,"[57, 50, 52, 95, 96, 91, 62, 60, 67, 39, 38, 45, 41, 21, 20, 0, 5, 11, 87, 79]",1,2026-05-22T21:20:05.233843,True,2026-05-23T00:20:05.653044,12828,74,False,True,
12828,group_streaks_20,"[57, 95, 50, 62, 96, 60, 87, 52, 55, 56, 67, 58, 91, 99, 63, 92, 90, 93, 79, 73]",1,2026-05-22T21:20:05.233843,True,2026-05-23T00:20:05.653442,12828,74,False,True,
12828,interval_k10_det_10,"[57, 50, 52, 55, 56, 58, 53, 59, 51, 54]",1,2026-05-22T21:20:05.233843,True,2026-05-23T00:20:05.653833,12828,74,False,True,
12828,interval_k10_rand_10,"[51, 53, 52, 50, 55, 58, 57, 56, 59, 54]",1,2026-05-22T21:20:05.233843,True,2026-05-23T00:20:05.654260,12828,74,False,True,
12828,interval_k10_det_20,"[57, 50, 52, 55, 56, 58, 53, 59, 51, 54, 95, 45, 0, 62, 96, 60, 41, 87, 39, 67]",1,2026-05-22T21:20:05.233843,True,2026-05-23T00:20:05.654634,12828,74,False,True,
12828,interval_k10_rand_20,"[53, 56, 52, 54, 51, 55, 59, 50, 57, 58, 95, 45, 0, 62, 96, 60, 41, 87, 39, 67]",1,2026-05-22T21:20:05.233843,True,2026-05-23T00:20:05.655031,12828,74,False,True,
12828,interval_k20_det_10,"[57, 45, 50, 41, 52, 55, 56, 58, 43, 42]",1,2026-05-22T21:20:05.233843,True,2026-05-23T00:20:05.655445,12828,74,False,True,
12828,interval_k20_rand_10,"[45, 59, 57, 52, 41, 53, 56, 55, 50, 58]",1,2026-05-22T21:20:05.233843,True,2026-05-23T00:20:05.655808,12828,74,False,True,
12828,interval_k20_det_20,"[57, 45, 50, 41, 52, 55, 56, 58, 43, 42, 53, 59, 49, 40, 46, 51, 44, 54, 48, 47]",0,2026-05-22T21:20:05.233843,True,2026-05-23T00:20:05.656202,12828,74,False,False,
12828,interval_k20_rand_20,"[46, 56, 41, 49, 58, 43, 44, 54, 45, 51, 40, 53, 50, 57, 52, 48, 42, 55, 47, 59]",0,2026-05-22T21:20:05.233843,True,2026-05-23T00:20:05.656599,12828,74,False,False,
12829,bucket_first_k2,"[74, 95, 50, 96, 62, 45, 0, 41, 39, 5]",0,2026-05-23T00:20:05.691848,True,2026-05-23T03:20:05.740099,12829,10,False,True,
12829,bucket_first_auto,"[50, 95, 62, 39, 45, 21, 0, 11, 74, 87]",0,2026-05-23T00:20:05.691848,True,2026-05-23T03:20:05.740561,12829,10,False,True,
12829,group_streaks,"[74, 95, 50, 96, 62, 60, 57, 87, 52, 55]",1,2026-05-23T00:20:05.691848,True,2026-05-23T03:20:05.741021,12829,10,False,False,
12829,bucket_first_k2_20,"[74, 95, 50, 96, 62, 60, 57, 87, 52, 55, 56, 45, 0, 41, 39, 5, 38, 11, 35, 21]",1,2026-05-23T00:20:05.691848,True,2026-05-23T03:20:05.741449,12829,10,False,False,
12829,bucket_first_auto_20,"[50, 57, 52, 95, 96, 91, 62, 60, 67, 39, 38, 45, 41, 21, 20, 0, 5, 11, 74, 87]",1,2026-05-23T00:20:05.691848,True,2026-05-23T03:20:05.741852,12829,10,False,False,
12829,group_streaks_20,"[74, 95, 50, 96, 62, 60, 57, 87, 52, 55, 56, 67, 58, 91, 99, 63, 92, 90, 93, 79]",1,2026-05-23T00:20:05.691848,True,2026-05-23T03:20:05.742243,12829,10,False,False,
12829,interval_k10_det_10,"[50, 57, 52, 55, 56, 58, 53, 59, 51, 54]",1,2026-05-23T00:20:05.691848,True,2026-05-23T03:20:05.742656,12829,10,False,False,
12829,interval_k10_rand_10,"[55, 51, 59, 53, 56, 58, 52, 50, 54, 57]",1,2026-05-23T00:20:05.691848,True,2026-05-23T03:20:05.742899,12829,10,False,False,
12829,interval_k10_det_20,"[50, 57, 52, 55, 56, 58, 53, 59, 51, 54, 74, 95, 45, 0, 96, 62, 60, 41, 87, 39]",1,2026-05-23T00:20:05.691848,True,2026-05-23T03:20:05.743110,12829,10,False,False,
12829,interval_k10_rand_20,"[59, 58, 53, 56, 57, 54, 50, 55, 51, 52, 74, 95, 45, 0, 96, 62, 60, 41, 87, 39]",1,2026-05-23T00:20:05.691848,True,2026-05-23T03:20:05.743319,12829,10,False,False,
12829,interval_k20_det_10,"[45, 50, 41, 57, 52, 55, 56, 58, 43, 42]",1,2026-05-23T00:20:05.691848,True,2026-05-23T03:20:05.743524,12829,10,False,False,
12829,interval_k20_rand_10,"[53, 45, 54, 50, 59, 57, 41, 58, 43, 48]",1,2026-05-23T00:20:05.691848,True,2026-05-23T03:20:05.743748,12829,10,False,False,
12829,interval_k20_det_20,"[45, 50, 41, 57, 52, 55, 56, 58, 43, 42, 53, 59, 49, 40, 46, 51, 44, 54, 48, 47]",0,2026-05-23T00:20:05.691848,True,2026-05-23T03:20:05.743957,12829,10,False,True,
12829,interval_k20_rand_20,"[49, 41, 57, 46, 59, 47, 52, 45, 50, 51, 43, 40, 42, 55, 48, 56, 54, 53, 58, 44]",0,2026-05-23T00:20:05.691848,True,2026-05-23T03:20:05.744160,12829,10,False,True,
12830,bucket_first_k2,"[95, 50, 96, 62, 60, 10, 45, 0, 41, 39]",0,2026-05-23T03:20:05.779847,True,2026-05-23T18:20:06.183929,12830,42,False,True,
12830,bucket_first_auto,"[50, 95, 62, 39, 45, 21, 10, 0, 74, 87]",0,2026-05-23T03:20:05.779847,True,2026-05-23T18:20:06.184162,12830,42,False,True,
12830,group_streaks,"[95, 50, 96, 62, 60, 87, 57, 52, 55, 56]",1,2026-05-23T03:20:05.779847,True,2026-05-23T18:20:06.184372,12830,42,False,False,
12830,bucket_first_k2_20,"[95, 50, 96, 62, 60, 87, 57, 52, 55, 56, 10, 45, 0, 41, 39, 5, 38, 11, 35, 21]",0,2026-05-23T03:20:05.779847,True,2026-05-23T18:20:06.184631,12830,42,False,True,
12830,bucket_first_auto_20,"[50, 57, 52, 95, 96, 91, 62, 60, 39, 38, 45, 41, 21, 20, 10, 11, 0, 5, 74, 87]",0,2026-05-23T03:20:05.779847,True,2026-05-23T18:20:06.184845,12830,42,False,True,
12830,group_streaks_20,"[95, 50, 96, 62, 60, 87, 57, 52, 55, 56, 74, 67, 58, 91, 99, 92, 63, 90, 93, 79]",1,2026-05-23T03:20:05.779847,True,2026-05-23T18:20:06.185055,12830,42,False,False,
12830,interval_k10_det_10,"[50, 57, 52, 55, 56, 58, 53, 59, 51, 54]",1,2026-05-23T03:20:05.779847,True,2026-05-23T18:20:06.185262,12830,42,False,False,
12830,interval_k10_rand_10,"[52, 59, 58, 50, 57, 54, 53, 51, 56, 55]",1,2026-05-23T03:20:05.779847,True,2026-05-23T18:20:06.185472,12830,42,False,False,
12830,interval_k10_det_20,"[50, 57, 52, 55, 56, 58, 53, 59, 51, 54, 10, 95, 45, 0, 96, 62, 60, 41, 87, 39]",1,2026-05-23T03:20:05.779847,True,2026-05-23T18:20:06.185681,12830,42,False,False,
12830,interval_k10_rand_20,"[52, 59, 54, 50, 53, 58, 57, 56, 55, 51, 10, 95, 45, 0, 96, 62, 60, 41, 87, 39]",1,2026-05-23T03:20:05.779847,True,2026-05-23T18:20:06.185893,12830,42,False,False,
12830,interval_k20_det_10,"[45, 50, 41, 57, 52, 55, 56, 58, 43, 42]",1,2026-05-23T03:20:05.779847,True,2026-05-23T18:20:06.186136,12830,42,True,False,10
12830,interval_k20_rand_10,"[56, 54, 46, 42, 53, 58, 52, 57, 50, 59]",1,2026-05-23T03:20:05.779847,True,2026-05-23T18:20:06.186351,12830,42,True,False,4
12830,interval_k20_det_20,"[45, 50, 41, 57, 52, 55, 56, 58, 43, 42, 53, 59, 49, 40, 46, 51, 44, 54, 48, 47]",0,2026-05-23T03:20:05.779847,True,2026-05-23T18:20:06.186576,12830,42,True,True,10
12830,interval_k20_rand_20,"[53, 56, 44, 59, 54, 41, 51, 40, 55, 42, 52, 50, 49, 57, 46, 43, 45, 58, 48, 47]",0,2026-05-23T03:20:05.779847,True,2026-05-23T18:20:06.186790,12830,42,True,True,10
12831,bucket_first_k2,"[95, 50, 96, 62, 60, 42, 45, 0, 41, 10]",0,2026-05-23T18:20:06.216304,True,2026-05-23T21:20:05.768993,12831,0,True,True,8
12831,bucket_first_auto,"[50, 95, 62, 39, 42, 21, 10, 0, 74, 87]",0,2026-05-23T18:20:06.216304,True,2026-05-23T21:20:05.769227,12831,0,True,True,8
12831,group_streaks,"[42, 45, 0, 41, 10, 39, 5, 11, 38, 35]",0,2026-05-23T18:20:06.216304,True,2026-05-23T21:20:05.769440,12831,0,True,True,3
12831,bucket_first_k2_20,"[95, 50, 96, 62, 60, 87, 57, 52, 55, 56, 42, 45, 0, 41, 10, 39, 5, 11, 38, 35]",0,2026-05-23T18:20:06.216304,True,2026-05-23T21:20:05.769651,12831,0,True,True,13
12831,bucket_first_auto_20,"[50, 57, 52, 95, 96, 91, 62, 60, 39, 38, 42, 45, 21, 20, 10, 11, 0, 5, 74, 87]",0,2026-05-23T18:20:06.216304,True,2026-05-23T21:20:05.769863,12831,0,True,True,17
12831,group_streaks_20,"[42, 45, 0, 41, 10, 39, 5, 11, 38, 35, 21, 20, 7, 25, 43, 23, 12, 31, 4, 17]",0,2026-05-23T18:20:06.216304,True,2026-05-23T21:20:05.770074,12831,0,True,True,3
12831,interval_k10_det_10,"[50, 57, 52, 55, 56, 58, 53, 59, 51, 54]",1,2026-05-23T18:20:06.216304,True,2026-05-23T21:20:05.770394,12831,0,False,False,
12831,interval_k10_rand_10,"[57, 52, 53, 59, 56, 55, 54, 58, 50, 51]",1,2026-05-23T18:20:06.216304,True,2026-05-23T21:20:05.770795,12831,0,False,False,
12831,interval_k10_det_20,"[50, 57, 52, 55, 56, 58, 53, 59, 51, 54, 42, 95, 45, 0, 96, 62, 41, 60, 87, 10]",1,2026-05-23T18:20:06.216304,True,2026-05-23T21:20:05.771106,12831,0,True,False,14
12831,interval_k10_rand_20,"[57, 52, 54, 59, 53, 58, 50, 55, 56, 51, 42, 95, 45, 0, 96, 62, 41, 60, 87, 10]",1,2026-05-23T18:20:06.216304,True,2026-05-23T21:20:05.771329,12831,0,True,False,14
12831,interval_k20_det_10,"[42, 45, 50, 41, 57, 52, 55, 56, 58, 43]",1,2026-05-23T18:20:06.216304,True,2026-05-23T21:20:05.771613,12831,0,False,False,
12831,interval_k20_rand_10,"[50, 43, 46, 57, 41, 40, 49, 52, 55, 53]",0,2026-05-23T18:20:06.216304,True,2026-05-23T21:20:05.771893,12831,0,False,True,
12831,interval_k20_det_20,"[42, 45, 50, 41, 57, 52, 55, 56, 58, 43, 53, 59, 49, 40, 46, 51, 44, 54, 48, 47]",0,2026-05-23T18:20:06.216304,True,2026-05-23T21:20:05.772162,12831,0,False,True,
12831,interval_k20_rand_20,"[58, 43, 54, 56, 55, 47, 41, 49, 42, 52, 51, 46, 59, 57, 48, 44, 45, 50, 53, 40]",0,2026-05-23T18:20:06.216304,True,2026-05-23T21:20:05.772381,12831,0,False,True,
12832,bucket_first_k2,"[95, 50, 96, 62, 87, 0, 45, 41, 42, 10]",0,2026-05-23T21:20:05.803746,True,2026-05-24T00:20:05.435254,12832,99,False,False,
12832,bucket_first_auto,"[50, 95, 62, 39, 45, 0, 21, 10, 74, 87]",0,2026-05-23T21:20:05.803746,True,2026-05-24T00:20:05.435607,12832,99,False,False,
12832,group_streaks,"[0, 45, 41, 42, 10, 39, 5, 11, 38, 35]",0,2026-05-23T21:20:05.803746,True,2026-05-24T00:20:05.435830,12832,99,False,False,
12832,bucket_first_k2_20,"[95, 50, 96, 62, 87, 60, 57, 52, 55, 56, 0, 45, 41, 42, 10, 39, 5, 11, 38, 35]",0,2026-05-23T21:20:05.803746,True,2026-05-24T00:20:05.436049,12832,99,False,False,
12832,bucket_first_auto_20,"[50, 57, 52, 95, 96, 91, 62, 60, 39, 38, 45, 41, 0, 5, 21, 20, 10, 11, 74, 87]",0,2026-05-23T21:20:05.803746,True,2026-05-24T00:20:05.436262,12832,99,False,False,
12832,group_streaks_20,"[0, 45, 41, 42, 10, 39, 5, 11, 38, 35, 21, 20, 7, 43, 25, 23, 12, 31, 4, 17]",0,2026-05-23T21:20:05.803746,True,2026-05-24T00:20:05.436477,12832,99,False,False,
12832,interval_k10_det_10,"[50, 57, 52, 55, 56, 58, 53, 59, 51, 54]",1,2026-05-23T21:20:05.803746,True,2026-05-24T00:20:05.436734,12832,99,False,True,
12832,interval_k10_rand_10,"[51, 58, 59, 55, 53, 50, 56, 52, 54, 57]",1,2026-05-23T21:20:05.803746,True,2026-05-24T00:20:05.436956,12832,99,False,True,
12832,interval_k10_det_20,"[50, 57, 52, 55, 56, 58, 53, 59, 51, 54, 0, 95, 45, 96, 62, 41, 87, 60, 42, 10]",1,2026-05-23T21:20:05.803746,True,2026-05-24T00:20:05.437171,12832,99,False,True,
12832,interval_k10_rand_20,"[54, 56, 58, 50, 59, 52, 53, 55, 57, 51, 0, 95, 45, 96, 62, 41, 87, 60, 42, 10]",1,2026-05-23T21:20:05.803746,True,2026-05-24T00:20:05.437384,12832,99,False,True,
12832,interval_k20_det_10,"[45, 50, 41, 57, 42, 52, 55, 56, 58, 43]",1,2026-05-23T21:20:05.803746,True,2026-05-24T00:20:05.437609,12832,99,False,True,
12832,interval_k20_rand_10,"[47, 58, 42, 41, 57, 43, 56, 46, 45, 40]",0,2026-05-23T21:20:05.803746,True,2026-05-24T00:20:05.437812,12832,99,False,False,
12832,interval_k20_det_20,"[45, 50, 41, 57, 42, 52, 55, 56, 58, 43, 53, 59, 49, 40, 46, 51, 44, 54, 48, 47]",0,2026-05-23T21:20:05.803746,True,2026-05-24T00:20:05.438053,12832,99,False,False,
12832,interval_k20_rand_20,"[41, 45, 46, 54, 44, 52, 59, 53, 51, 55, 43, 49, 48, 42, 50, 40, 56, 57, 58, 47]",0,2026-05-23T21:20:05.803746,True,2026-05-24T00:20:05.438343,12832,99,False,False,
12833,bucket_first_k2,"[99, 95, 50, 96, 62, 45, 0, 41, 42, 39]",0,2026-05-24T00:20:05.470891,True,2026-05-24T03:20:05.858649,12833,66,False,False,
12833,bucket_first_auto,"[99, 50, 62, 39, 45, 0, 21, 10, 74, 87]",0,2026-05-24T00:20:05.470891,True,2026-05-24T03:20:05.858877,12833,66,False,False,
12833,group_streaks,"[99, 95, 50, 96, 62, 87, 60, 52, 57, 55]",1,2026-05-24T00:20:05.470891,True,2026-05-24T03:20:05.859087,12833,66,False,True,
12833,bucket_first_k2_20,"[99, 95, 50, 96, 62, 87, 60, 52, 57, 55, 45, 0, 41, 42, 39, 10, 5, 11, 38, 35]",0,2026-05-24T00:20:05.470891,True,2026-05-24T03:20:05.859294,12833,66,False,False,
12833,bucket_first_auto_20,"[99, 95, 96, 50, 52, 57, 62, 60, 39, 38, 45, 41, 0, 5, 21, 20, 10, 11, 74, 87]",0,2026-05-24T00:20:05.470891,True,2026-05-24T03:20:05.859501,12833,66,False,False,
12833,group_streaks_20,"[99, 95, 50, 96, 62, 87, 60, 52, 57, 55, 56, 74, 67, 58, 91, 92, 90, 63, 93, 79]",1,2026-05-24T00:20:05.470891,True,2026-05-24T03:20:05.859747,12833,66,False,True,
12833,interval_k10_det_10,"[99, 95, 96, 91, 92, 90, 93, 98, 94, 97]",1,2026-05-24T00:20:05.470891,True,2026-05-24T03:20:05.859943,12833,66,False,True,
12833,interval_k10_rand_10,"[97, 93, 94, 98, 92, 99, 90, 91, 96, 95]",1,2026-05-24T00:20:05.470891,True,2026-05-24T03:20:05.860142,12833,66,False,True,
12833,interval_k10_det_20,"[99, 95, 96, 91, 92, 90, 93, 98, 94, 97, 45, 0, 50, 62, 41, 87, 60, 52, 57, 42]",1,2026-05-24T00:20:05.470891,True,2026-05-24T03:20:05.860367,12833,66,False,True,
12833,interval_k10_rand_20,"[91, 99, 93, 97, 92, 98, 90, 96, 95, 94, 45, 0, 50, 62, 41, 87, 60, 52, 57, 42]",1,2026-05-24T00:20:05.470891,True,2026-05-24T03:20:05.860617,12833,66,False,True,
12833,interval_k20_det_10,"[45, 50, 41, 52, 57, 42, 55, 56, 58, 43]",1,2026-05-24T00:20:05.470891,True,2026-05-24T03:20:05.860828,12833,66,False,True,
12833,interval_k20_rand_10,"[45, 56, 41, 57, 44, 43, 50, 54, 58, 55]",1,2026-05-24T00:20:05.470891,True,2026-05-24T03:20:05.861137,12833,66,False,True,
12833,interval_k20_det_20,"[45, 50, 41, 52, 57, 42, 55, 56, 58, 43, 53, 59, 49, 40, 46, 51, 44, 54, 48, 47]",0,2026-05-24T00:20:05.470891,True,2026-05-24T03:20:05.861359,12833,66,False,False,
12833,interval_k20_rand_20,"[59, 41, 57, 42, 53, 52, 58, 49, 45, 40, 56, 43, 51, 55, 47, 50, 46, 44, 54, 48]",0,2026-05-24T00:20:05.470891,True,2026-05-24T03:20:05.861578,12833,66,False,False,
12834,bucket_first_k2,"[66, 95, 50, 96, 99, 45, 0, 41, 42, 39]",0,2026-05-24T03:20:05.891254,True,2026-05-24T18:20:06.114360,12834,93,False,False,
12834,bucket_first_auto,"[95, 66, 50, 39, 45, 0, 21, 10, 74, 87]",0,2026-05-24T03:20:05.891254,True,2026-05-24T18:20:06.114595,12834,93,False,False,
12834,group_streaks,"[66, 95, 50, 96, 99, 62, 87, 60, 52, 57]",1,2026-05-24T03:20:05.891254,True,2026-05-24T18:20:06.114807,12834,93,False,True,
12834,bucket_first_k2_20,"[66, 95, 50, 96, 99, 62, 87, 60, 52, 57, 45, 0, 41, 42, 39, 10, 5, 11, 38, 35]",0,2026-05-24T03:20:05.891254,True,2026-05-24T18:20:06.115141,12834,93,False,False,
12834,bucket_first_auto_20,"[95, 96, 99, 66, 62, 60, 50, 52, 39, 38, 45, 41, 0, 5, 21, 20, 10, 11, 74, 87]",0,2026-05-24T03:20:05.891254,True,2026-05-24T18:20:06.115400,12834,93,False,False,
12834,group_streaks_20,"[66, 95, 50, 96, 99, 62, 87, 60, 52, 57, 55, 56, 74, 67, 58, 91, 92, 90, 63, 93]",1,2026-05-24T03:20:05.891254,True,2026-05-24T18:20:06.115618,12834,93,True,True,20
12834,interval_k10_det_10,"[95, 96, 99, 91, 92, 90, 93, 98, 94, 97]",1,2026-05-24T03:20:05.891254,True,2026-05-24T18:20:06.115827,12834,93,True,True,7
12834,interval_k10_rand_10,"[92, 93, 91, 99, 98, 94, 95, 90, 97, 96]",1,2026-05-24T03:20:05.891254,True,2026-05-24T18:20:06.116231,12834,93,True,True,2
12834,interval_k10_det_20,"[95, 96, 99, 91, 92, 90, 93, 98, 94, 97, 66, 45, 0, 50, 62, 41, 87, 60, 52, 57]",1,2026-05-24T03:20:05.891254,True,2026-05-24T18:20:06.116656,12834,93,True,True,7
12834,interval_k10_rand_20,"[97, 95, 92, 93, 91, 90, 98, 99, 96, 94, 66, 45, 0, 50, 62, 41, 87, 60, 52, 57]",1,2026-05-24T03:20:05.891254,True,2026-05-24T18:20:06.116898,12834,93,True,True,4
12834,interval_k20_det_10,"[45, 50, 41, 52, 57, 42, 55, 56, 58, 43]",1,2026-05-24T03:20:05.891254,True,2026-05-24T18:20:06.117110,12834,93,False,True,
12834,interval_k20_rand_10,"[42, 57, 53, 59, 52, 45, 40, 47, 49, 56]",0,2026-05-24T03:20:05.891254,True,2026-05-24T18:20:06.117331,12834,93,False,False,
12834,interval_k20_det_20,"[45, 50, 41, 52, 57, 42, 55, 56, 58, 43, 53, 59, 49, 40, 46, 51, 44, 54, 48, 47]",0,2026-05-24T03:20:05.891254,True,2026-05-24T18:20:06.117585,12834,93,False,False,
12834,interval_k20_rand_20,"[52, 58, 43, 53, 59, 42, 46, 45, 56, 54, 51, 57, 55, 40, 48, 41, 49, 47, 50, 44]",0,2026-05-24T03:20:05.891254,True,2026-05-24T18:20:06.117860,12834,93,False,False,
12835,bucket_first_k2,"[93, 95, 50, 96, 99, 45, 0, 41, 42, 39]",0,2026-05-24T18:20:06.152105,True,2026-05-24T21:20:05.278865,12835,14,False,True,
12835,bucket_first_auto,"[93, 62, 50, 39, 45, 0, 21, 10, 74, 87]",0,2026-05-24T18:20:06.152105,True,2026-05-24T21:20:05.279101,12835,14,False,True,
12835,group_streaks,"[93, 95, 50, 96, 99, 62, 87, 52, 60, 57]",1,2026-05-24T18:20:06.152105,True,2026-05-24T21:20:05.279310,12835,14,False,False,
12835,bucket_first_k2_20,"[93, 95, 50, 96, 99, 62, 87, 52, 60, 57, 55, 45, 0, 41, 42, 39, 10, 5, 11, 38]",1,2026-05-24T18:20:06.152105,True,2026-05-24T21:20:05.279519,12835,14,False,False,
12835,bucket_first_auto_20,"[93, 95, 96, 62, 60, 66, 50, 52, 39, 38, 45, 41, 0, 5, 21, 20, 10, 11, 74, 87]",0,2026-05-24T18:20:06.152105,True,2026-05-24T21:20:05.279728,12835,14,False,True,
12835,group_streaks_20,"[93, 95, 50, 96, 99, 62, 87, 52, 60, 57, 55, 56, 66, 74, 67, 58, 91, 92, 90, 63]",1,2026-05-24T18:20:06.152105,True,2026-05-24T21:20:05.279939,12835,14,False,False,
12835,interval_k10_det_10,"[93, 95, 96, 99, 91, 92, 90, 98, 94, 97]",1,2026-05-24T18:20:06.152105,True,2026-05-24T21:20:05.280151,12835,14,False,False,
12835,interval_k10_rand_10,"[96, 99, 95, 93, 91, 90, 97, 98, 94, 92]",1,2026-05-24T18:20:06.152105,True,2026-05-24T21:20:05.280464,12835,14,False,False,
12835,interval_k10_det_20,"[93, 95, 96, 99, 91, 92, 90, 98, 94, 97, 45, 0, 50, 41, 62, 87, 52, 60, 57, 42]",1,2026-05-24T18:20:06.152105,True,2026-05-24T21:20:05.280751,12835,14,False,False,
12835,interval_k10_rand_20,"[92, 94, 96, 98, 90, 93, 95, 99, 91, 97, 45, 0, 50, 41, 62, 87, 52, 60, 57, 42]",1,2026-05-24T18:20:06.152105,True,2026-05-24T21:20:05.280976,12835,14,False,False,
12835,interval_k20_det_10,"[45, 50, 41, 52, 57, 42, 55, 56, 58, 43]",1,2026-05-24T18:20:06.152105,True,2026-05-24T21:20:05.281377,12835,14,False,False,
12835,interval_k20_rand_10,"[50, 51, 55, 53, 49, 59, 42, 43, 40, 45]",0,2026-05-24T18:20:06.152105,True,2026-05-24T21:20:05.282054,12835,14,False,True,
12835,interval_k20_det_20,"[45, 50, 41, 52, 57, 42, 55, 56, 58, 43, 53, 59, 49, 40, 46, 51, 44, 54, 48, 47]",0,2026-05-24T18:20:06.152105,True,2026-05-24T21:20:05.282303,12835,14,False,True,
12835,interval_k20_rand_20,"[56, 40, 54, 51, 57, 59, 44, 55, 58, 49, 53, 41, 43, 45, 48, 50, 47, 52, 46, 42]",0,2026-05-24T18:20:06.152105,True,2026-05-24T21:20:05.282518,12835,14,False,True,
12836,bucket_first_k2,"[95, 50, 96, 87, 99, 14, 45, 0, 41, 42]",0,2026-05-24T21:20:05.315782,True,2026-05-25T00:20:05.463062,12836,65,False,False,
12836,bucket_first_auto,"[95, 62, 50, 39, 45, 14, 0, 21, 74, 87]",0,2026-05-24T21:20:05.315782,True,2026-05-25T00:20:05.463287,12836,65,False,False,
12836,group_streaks,"[95, 50, 96, 87, 99, 93, 62, 52, 60, 57]",1,2026-05-24T21:20:05.315782,True,2026-05-25T00:20:05.463496,12836,65,False,True,
12836,bucket_first_k2_20,"[95, 50, 96, 87, 99, 93, 62, 52, 60, 57, 14, 45, 0, 41, 42, 39, 10, 5, 11, 38]",0,2026-05-24T21:20:05.315782,True,2026-05-25T00:20:05.463770,12836,65,False,False,
12836,bucket_first_auto_20,"[95, 96, 99, 62, 60, 66, 50, 52, 39, 38, 45, 41, 14, 10, 0, 5, 21, 20, 74, 87]",0,2026-05-24T21:20:05.315782,True,2026-05-25T00:20:05.464019,12836,65,False,False,
12836,group_streaks_20,"[95, 50, 96, 87, 99, 93, 62, 52, 60, 57, 55, 56, 66, 74, 67, 58, 91, 92, 90, 63]",1,2026-05-24T21:20:05.315782,True,2026-05-25T00:20:05.464230,12836,65,False,True,
12836,interval_k10_det_10,"[95, 96, 99, 93, 91, 92, 90, 98, 94, 97]",1,2026-05-24T21:20:05.315782,True,2026-05-25T00:20:05.464429,12836,65,False,True,
12836,interval_k10_rand_10,"[97, 94, 98, 92, 93, 99, 95, 90, 91, 96]",1,2026-05-24T21:20:05.315782,True,2026-05-25T00:20:05.464691,12836,65,False,True,
12836,interval_k10_det_20,"[95, 96, 99, 93, 91, 92, 90, 98, 94, 97, 14, 45, 0, 50, 41, 87, 62, 52, 60, 57]",1,2026-05-24T21:20:05.315782,True,2026-05-25T00:20:05.464951,12836,65,False,True,
12836,interval_k10_rand_20,"[92, 93, 96, 90, 99, 91, 95, 97, 94, 98, 14, 45, 0, 50, 41, 87, 62, 52, 60, 57]",1,2026-05-24T21:20:05.315782,True,2026-05-25T00:20:05.465333,12836,65,False,True,
12836,interval_k20_det_10,"[45, 50, 41, 52, 57, 42, 55, 56, 58, 43]",1,2026-05-24T21:20:05.315782,True,2026-05-25T00:20:05.465726,12836,65,False,True,
12836,interval_k20_rand_10,"[42, 41, 43, 57, 53, 49, 54, 58, 59, 56]",1,2026-05-24T21:20:05.315782,True,2026-05-25T00:20:05.466016,12836,65,False,True,
12836,interval_k20_det_20,"[45, 50, 41, 52, 57, 42, 55, 56, 58, 43, 59, 53, 49, 40, 46, 51, 44, 54, 48, 47]",0,2026-05-24T21:20:05.315782,True,2026-05-25T00:20:05.466223,12836,65,False,False,
12836,interval_k20_rand_20,"[40, 46, 59, 51, 49, 52, 42, 44, 57, 56, 55, 48, 50, 54, 41, 43, 45, 53, 58, 47]",0,2026-05-24T21:20:05.315782,True,2026-05-25T00:20:05.466432,12836,65,False,False,
12837,bucket_first_k2,"[65, 95, 50, 96, 87, 45, 0, 41, 42, 14]",0,2026-05-25T00:20:05.497501,True,2026-05-25T03:20:05.517076,12837,21,False,True,
12837,bucket_first_auto,"[95, 65, 50, 39, 45, 14, 0, 21, 74, 87]",0,2026-05-25T00:20:05.497501,True,2026-05-25T03:20:05.517307,12837,21,True,True,8
12837,group_streaks,"[65, 95, 50, 96, 87, 93, 99, 52, 62, 60]",1,2026-05-25T00:20:05.497501,True,2026-05-25T03:20:05.517517,12837,21,False,False,
12837,bucket_first_k2_20,"[65, 95, 50, 96, 87, 93, 99, 52, 62, 60, 57, 45, 0, 41, 42, 14, 39, 10, 5, 11]",1,2026-05-25T00:20:05.497501,True,2026-05-25T03:20:05.517726,12837,21,False,False,
12837,bucket_first_auto_20,"[95, 96, 93, 65, 62, 60, 50, 52, 39, 38, 45, 41, 14, 10, 0, 5, 21, 20, 74, 87]",0,2026-05-25T00:20:05.497501,True,2026-05-25T03:20:05.517935,12837,21,True,True,17
12837,group_streaks_20,"[65, 95, 50, 96, 87, 93, 99, 52, 62, 60, 57, 55, 56, 66, 74, 67, 58, 92, 91, 90]",1,2026-05-25T00:20:05.497501,True,2026-05-25T03:20:05.518143,12837,21,False,False,
12837,interval_k10_det_10,"[95, 96, 93, 99, 92, 91, 90, 98, 94, 97]",1,2026-05-25T00:20:05.497501,True,2026-05-25T03:20:05.518351,12837,21,False,False,
12837,interval_k10_rand_10,"[94, 95, 96, 93, 98, 99, 90, 91, 92, 97]",1,2026-05-25T00:20:05.497501,True,2026-05-25T03:20:05.518558,12837,21,False,False,
12837,interval_k10_det_20,"[95, 96, 93, 99, 92, 91, 90, 98, 94, 97, 65, 45, 0, 50, 41, 87, 52, 62, 60, 57]",1,2026-05-25T00:20:05.497501,True,2026-05-25T03:20:05.518765,12837,21,False,False,
12837,interval_k10_rand_20,"[93, 90, 99, 92, 91, 95, 97, 94, 98, 96, 65, 45, 0, 50, 41, 87, 52, 62, 60, 57]",1,2026-05-25T00:20:05.497501,True,2026-05-25T03:20:05.518972,12837,21,False,False,
12837,interval_k20_det_10,"[45, 50, 41, 52, 57, 42, 55, 56, 58, 43]",1,2026-05-25T00:20:05.497501,True,2026-05-25T03:20:05.519175,12837,21,False,False,
12837,interval_k20_rand_10,"[49, 40, 41, 46, 56, 52, 57, 47, 55, 43]",0,2026-05-25T00:20:05.497501,True,2026-05-25T03:20:05.519380,12837,21,False,True,
12837,interval_k20_det_20,"[45, 50, 41, 52, 57, 42, 55, 56, 58, 43, 59, 53, 49, 40, 46, 51, 44, 54, 48, 47]",0,2026-05-25T00:20:05.497501,True,2026-05-25T03:20:05.519598,12837,21,False,True,
12837,interval_k20_rand_20,"[57, 43, 45, 41, 47, 46, 40, 49, 59, 58, 50, 48, 54, 42, 56, 52, 51, 53, 55, 44]",0,2026-05-25T00:20:05.497501,True,2026-05-25T03:20:05.519859,12837,21,False,True,
12838,bucket_first_k2,"[95, 50, 96, 87, 52, 21, 45, 0, 41, 42]",0,2026-05-25T03:20:05.550549,True,2026-05-25T18:20:05.716891,12838,12,False,True,
12838,bucket_first_auto,"[95, 62, 50, 39, 45, 21, 14, 0, 74, 87]",0,2026-05-25T03:20:05.550549,True,2026-05-25T18:20:05.717122,12838,12,False,True,
12838,group_streaks,"[95, 50, 96, 87, 52, 93, 99, 62, 60, 57]",1,2026-05-25T03:20:05.550549,True,2026-05-25T18:20:05.717330,12838,12,False,False,
12838,bucket_first_k2_20,"[95, 50, 96, 87, 52, 93, 99, 62, 60, 57, 21, 45, 0, 41, 42, 14, 39, 10, 5, 11]",0,2026-05-25T03:20:05.550549,True,2026-05-25T18:20:05.717540,12838,12,False,True,
12838,bucket_first_auto_20,"[95, 96, 93, 62, 60, 65, 50, 52, 39, 38, 45, 41, 21, 20, 14, 10, 0, 5, 74, 87]",0,2026-05-25T03:20:05.550549,True,2026-05-25T18:20:05.717749,12838,12,False,True,
12838,group_streaks_20,"[95, 50, 96, 87, 52, 93, 99, 62, 60, 57, 55, 65, 56, 66, 74, 67, 58, 92, 91, 90]",1,2026-05-25T03:20:05.550549,True,2026-05-25T18:20:05.717957,12838,12,False,False,
12838,interval_k10_det_10,"[95, 96, 93, 99, 92, 91, 90, 98, 94, 97]",1,2026-05-25T03:20:05.550549,True,2026-05-25T18:20:05.718162,12838,12,False,False,
12838,interval_k10_rand_10,"[90, 98, 91, 93, 95, 92, 99, 94, 96, 97]",1,2026-05-25T03:20:05.550549,True,2026-05-25T18:20:05.718367,12838,12,False,False,
12838,interval_k10_det_20,"[95, 96, 93, 99, 92, 91, 90, 98, 94, 97, 21, 45, 0, 50, 41, 87, 52, 62, 60, 57]",1,2026-05-25T03:20:05.550549,True,2026-05-25T18:20:05.718574,12838,12,False,False,
12838,interval_k10_rand_20,"[94, 91, 99, 93, 97, 98, 90, 92, 95, 96, 21, 45, 0, 50, 41, 87, 52, 62, 60, 57]",1,2026-05-25T03:20:05.550549,True,2026-05-25T18:20:05.718783,12838,12,False,False,
12838,interval_k20_det_10,"[45, 50, 41, 52, 57, 42, 55, 56, 58, 43]",1,2026-05-25T03:20:05.550549,True,2026-05-25T18:20:05.718988,12838,12,False,False,
12838,interval_k20_rand_10,"[56, 41, 43, 58, 45, 40, 49, 46, 55, 57]",0,2026-05-25T03:20:05.550549,True,2026-05-25T18:20:05.719193,12838,12,False,True,
12838,interval_k20_det_20,"[45, 50, 41, 52, 57, 42, 55, 56, 58, 43, 59, 53, 49, 40, 46, 51, 44, 54, 48, 47]",0,2026-05-25T03:20:05.550549,True,2026-05-25T18:20:05.719401,12838,12,False,True,
12838,interval_k20_rand_20,"[43, 56, 55, 57, 53, 40, 49, 51, 59, 42, 54, 50, 46, 58, 41, 44, 52, 45, 48, 47]",0,2026-05-25T03:20:05.550549,True,2026-05-25T18:20:05.719608,12838,12,False,True,
12839,bucket_first_k2,"[95, 50, 96, 87, 52, 12, 45, 0, 21, 41]",0,2026-05-25T18:20:05.749780,True,2026-05-25T21:20:05.513297,12839,36,False,True,
12839,bucket_first_auto,"[95, 62, 50, 12, 39, 45, 21, 0, 74, 87]",0,2026-05-25T18:20:05.749780,True,2026-05-25T21:20:05.513532,12839,36,False,True,
12839,group_streaks,"[12, 45, 0, 21, 41, 42, 14, 39, 10, 5]",0,2026-05-25T18:20:05.749780,True,2026-05-25T21:20:05.513751,12839,36,False,True,
12839,bucket_first_k2_20,"[95, 50, 96, 87, 52, 93, 99, 62, 60, 57, 12, 45, 0, 21, 41, 42, 14, 39, 10, 5]",0,2026-05-25T18:20:05.749780,True,2026-05-25T21:20:05.513958,12839,36,False,True,
12839,bucket_first_auto_20,"[95, 96, 93, 62, 60, 65, 50, 52, 12, 14, 39, 38, 45, 41, 21, 20, 0, 5, 74, 87]",0,2026-05-25T18:20:05.749780,True,2026-05-25T21:20:05.514180,12839,36,False,True,
12839,group_streaks_20,"[12, 45, 0, 21, 41, 42, 14, 39, 10, 5, 11, 38, 35, 20, 43, 7, 25, 31, 4, 23]",0,2026-05-25T18:20:05.749780,True,2026-05-25T21:20:05.514398,12839,36,False,True,
12839,interval_k10_det_10,"[95, 96, 93, 99, 92, 91, 90, 98, 94, 97]",1,2026-05-25T18:20:05.749780,True,2026-05-25T21:20:05.514741,12839,36,False,False,
12839,interval_k10_rand_10,"[93, 92, 91, 98, 97, 94, 99, 90, 96, 95]",1,2026-05-25T18:20:05.749780,True,2026-05-25T21:20:05.514958,12839,36,False,False,
12839,interval_k10_det_20,"[95, 96, 93, 99, 92, 91, 90, 98, 94, 97, 12, 45, 0, 50, 21, 41, 87, 52, 62, 60]",1,2026-05-25T18:20:05.749780,True,2026-05-25T21:20:05.515171,12839,36,False,False,
12839,interval_k10_rand_20,"[97, 94, 93, 99, 98, 95, 90, 96, 92, 91, 12, 45, 0, 50, 21, 41, 87, 52, 62, 60]",1,2026-05-25T18:20:05.749780,True,2026-05-25T21:20:05.515385,12839,36,False,False,
12839,interval_k20_det_10,"[45, 50, 41, 52, 57, 42, 55, 56, 58, 43]",1,2026-05-25T18:20:05.749780,True,2026-05-25T21:20:05.515594,12839,36,False,False,
12839,interval_k20_rand_10,"[52, 53, 55, 40, 45, 57, 47, 50, 41, 43]",0,2026-05-25T18:20:05.749780,True,2026-05-25T21:20:05.515841,12839,36,False,True,
12839,interval_k20_det_20,"[45, 50, 41, 52, 57, 42, 55, 56, 58, 43, 59, 53, 49, 40, 46, 51, 44, 54, 48, 47]",0,2026-05-25T18:20:05.749780,True,2026-05-25T21:20:05.516230,12839,36,False,True,
12839,interval_k20_rand_20,"[53, 51, 49, 46, 45, 55, 59, 40, 44, 54, 58, 48, 52, 43, 42, 47, 57, 56, 41, 50]",0,2026-05-25T18:20:05.749780,True,2026-05-25T21:20:05.516678,12839,36,False,True,
12840,bucket_first_k2,"[95, 50, 96, 87, 52, 36, 45, 0, 21, 41]",0,2026-05-25T21:20:05.551032,True,2026-05-26T00:20:06.189906,12840,25,False,True,
12840,bucket_first_auto,"[95, 62, 50, 36, 12, 45, 21, 0, 74, 87]",0,2026-05-25T21:20:05.551032,True,2026-05-26T00:20:06.190146,12840,25,False,True,
12840,group_streaks,"[36, 45, 0, 21, 41, 12, 42, 14, 39, 10]",0,2026-05-25T21:20:05.551032,True,2026-05-26T00:20:06.190364,12840,25,False,True,
12840,bucket_first_k2_20,"[95, 50, 96, 87, 52, 93, 99, 62, 60, 57, 36, 45, 0, 21, 41, 12, 42, 14, 39, 10]",0,2026-05-25T21:20:05.551032,True,2026-05-26T00:20:06.190582,12840,25,False,True,
12840,bucket_first_auto_20,"[95, 96, 93, 62, 60, 65, 50, 52, 36, 39, 12, 14, 45, 41, 21, 20, 0, 5, 74, 87]",0,2026-05-25T21:20:05.551032,True,2026-05-26T00:20:06.190798,12840,25,False,True,
12840,group_streaks_20,"[36, 45, 0, 21, 41, 12, 42, 14, 39, 10, 5, 11, 38, 35, 20, 43, 7, 25, 31, 4]",0,2026-05-25T21:20:05.551032,True,2026-05-26T00:20:06.191017,12840,25,True,True,18
12840,interval_k10_det_10,"[95, 96, 93, 99, 92, 90, 91, 98, 94, 97]",1,2026-05-25T21:20:05.551032,True,2026-05-26T00:20:06.191232,12840,25,False,False,
12840,interval_k10_rand_10,"[95, 97, 94, 92, 96, 99, 90, 91, 93, 98]",1,2026-05-25T21:20:05.551032,True,2026-05-26T00:20:06.191948,12840,25,False,False,
12840,interval_k10_det_20,"[95, 96, 93, 99, 92, 90, 91, 98, 94, 97, 36, 45, 0, 50, 21, 41, 87, 52, 12, 62]",1,2026-05-25T21:20:05.551032,True,2026-05-26T00:20:06.192295,12840,25,False,False,
12840,interval_k10_rand_20,"[97, 99, 94, 93, 92, 90, 98, 96, 95, 91, 36, 45, 0, 50, 21, 41, 87, 52, 12, 62]",1,2026-05-25T21:20:05.551032,True,2026-05-26T00:20:06.192729,12840,25,False,False,
12840,interval_k20_det_10,"[45, 50, 41, 52, 57, 42, 55, 56, 58, 43]",1,2026-05-25T21:20:05.551032,True,2026-05-26T00:20:06.192997,12840,25,False,False,
12840,interval_k20_rand_10,"[45, 54, 40, 56, 46, 43, 53, 41, 57, 51]",0,2026-05-25T21:20:05.551032,True,2026-05-26T00:20:06.193351,12840,25,False,True,
12840,interval_k20_det_20,"[45, 50, 41, 52, 57, 42, 55, 56, 58, 43, 59, 53, 49, 40, 46, 51, 44, 54, 48, 47]",0,2026-05-25T21:20:05.551032,True,2026-05-26T00:20:06.193754,12840,25,False,True,
12840,interval_k20_rand_20,"[43, 45, 42, 49, 40, 51, 58, 53, 52, 48, 44, 55, 50, 41, 54, 57, 46, 47, 56, 59]",0,2026-05-25T21:20:05.551032,True,2026-05-26T00:20:06.194125,12840,25,False,True,
12841,bucket_first_k2,"[25, 45, 0, 21, 41, 95, 50, 96, 87, 52]",0,2026-05-26T00:20:06.234687,True,2026-05-26T03:20:05.935793,12841,56,False,False,
12841,bucket_first_auto,"[95, 60, 50, 36, 25, 12, 45, 0, 74, 87]",0,2026-05-26T00:20:06.234687,True,2026-05-26T03:20:05.936022,12841,56,False,False,
12841,group_streaks,"[25, 45, 0, 21, 41, 12, 36, 42, 14, 39]",0,2026-05-26T00:20:06.234687,True,2026-05-26T03:20:05.936278,12841,56,False,False,
12841,bucket_first_k2_20,"[25, 45, 0, 21, 41, 12, 36, 42, 14, 39, 95, 50, 96, 87, 52, 93, 99, 60, 62, 57]",0,2026-05-26T00:20:06.234687,True,2026-05-26T03:20:05.936578,12841,56,False,False,
12841,bucket_first_auto_20,"[95, 96, 93, 60, 62, 65, 50, 52, 36, 39, 25, 21, 12, 14, 45, 41, 0, 5, 74, 87]",0,2026-05-26T00:20:06.234687,True,2026-05-26T03:20:05.936864,12841,56,False,False,
12841,group_streaks_20,"[25, 45, 0, 21, 41, 12, 36, 42, 14, 39, 10, 5, 11, 38, 35, 20, 43, 7, 31, 4]",0,2026-05-26T00:20:06.234687,True,2026-05-26T03:20:05.937148,12841,56,False,False,
12841,interval_k10_det_10,"[95, 96, 93, 99, 92, 90, 91, 98, 94, 97]",1,2026-05-26T00:20:06.234687,True,2026-05-26T03:20:05.937375,12841,56,False,True,
12841,interval_k10_rand_10,"[93, 99, 92, 96, 90, 98, 95, 91, 97, 94]",1,2026-05-26T00:20:06.234687,True,2026-05-26T03:20:05.937662,12841,56,False,True,
12841,interval_k10_det_20,"[95, 96, 93, 99, 92, 90, 91, 98, 94, 97, 25, 45, 0, 50, 21, 41, 87, 52, 12, 60]",1,2026-05-26T00:20:06.234687,True,2026-05-26T03:20:05.937879,12841,56,False,True,
12841,interval_k10_rand_20,"[97, 99, 90, 91, 92, 95, 96, 94, 98, 93, 25, 45, 0, 50, 21, 41, 87, 52, 12, 60]",1,2026-05-26T00:20:06.234687,True,2026-05-26T03:20:05.938179,12841,56,False,True,
12841,interval_k20_det_10,"[25, 21, 36, 39, 38, 35, 20, 31, 23, 33]",0,2026-05-26T00:20:06.234687,True,2026-05-26T03:20:05.938391,12841,56,False,False,
12841,interval_k20_rand_10,"[31, 24, 28, 26, 25, 35, 21, 20, 29, 32]",0,2026-05-26T00:20:06.234687,True,2026-05-26T03:20:05.938670,12841,56,False,False,
12841,interval_k20_det_20,"[25, 21, 36, 39, 38, 35, 20, 31, 23, 33, 32, 34, 29, 27, 26, 30, 28, 37, 22, 24]",0,2026-05-26T00:20:06.234687,True,2026-05-26T03:20:05.938880,12841,56,False,False,
12841,interval_k20_rand_20,"[39, 29, 37, 25, 36, 21, 32, 20, 33, 35, 27, 38, 26, 31, 22, 23, 24, 28, 30, 34]",0,2026-05-26T00:20:06.234687,True,2026-05-26T03:20:05.939147,12841,56,False,False,
12842,bucket_first_k2,"[56, 95, 50, 96, 87, 45, 0, 21, 41, 25]",0,2026-05-26T03:20:05.994056,True,2026-05-26T18:20:05.712419,12842,33,False,True,
12842,bucket_first_auto,"[95, 60, 56, 36, 21, 12, 45, 0, 74, 87]",0,2026-05-26T03:20:05.994056,True,2026-05-26T18:20:05.712709,12842,33,False,True,
12842,group_streaks,"[56, 95, 50, 96, 87, 52, 93, 99, 60, 62]",1,2026-05-26T03:20:05.994056,True,2026-05-26T18:20:05.713163,12842,33,False,False,
12842,bucket_first_k2_20,"[56, 95, 50, 96, 87, 52, 93, 99, 60, 62, 45, 0, 21, 41, 25, 12, 36, 42, 14, 39]",0,2026-05-26T03:20:05.994056,True,2026-05-26T18:20:05.713380,12842,33,False,True,
12842,bucket_first_auto_20,"[95, 96, 93, 60, 62, 65, 56, 50, 36, 39, 21, 25, 12, 14, 45, 41, 0, 5, 74, 87]",0,2026-05-26T03:20:05.994056,True,2026-05-26T18:20:05.713591,12842,33,False,True,
12842,group_streaks_20,"[56, 95, 50, 96, 87, 52, 93, 99, 60, 62, 57, 55, 65, 66, 74, 67, 58, 92, 90, 91]",1,2026-05-26T03:20:05.994056,True,2026-05-26T18:20:05.713803,12842,33,False,False,
12842,interval_k10_det_10,"[95, 96, 93, 99, 92, 90, 91, 98, 94, 97]",1,2026-05-26T03:20:05.994056,True,2026-05-26T18:20:05.714012,12842,33,False,False,
12842,interval_k10_rand_10,"[92, 90, 95, 94, 93, 99, 96, 98, 97, 91]",1,2026-05-26T03:20:05.994056,True,2026-05-26T18:20:05.714222,12842,33,False,False,
12842,interval_k10_det_20,"[95, 96, 93, 99, 92, 90, 91, 98, 94, 97, 56, 45, 0, 50, 21, 41, 87, 25, 52, 12]",1,2026-05-26T03:20:05.994056,True,2026-05-26T18:20:05.714434,12842,33,False,False,
12842,interval_k10_rand_20,"[99, 92, 98, 95, 90, 93, 97, 96, 91, 94, 56, 45, 0, 50, 21, 41, 87, 25, 52, 12]",1,2026-05-26T03:20:05.994056,True,2026-05-26T18:20:05.714644,12842,33,False,False,
12842,interval_k20_det_10,"[56, 45, 50, 41, 52, 57, 42, 55, 58, 43]",1,2026-05-26T03:20:05.994056,True,2026-05-26T18:20:05.714853,12842,33,False,False,
12842,interval_k20_rand_10,"[41, 59, 58, 40, 57, 56, 46, 48, 55, 42]",0,2026-05-26T03:20:05.994056,True,2026-05-26T18:20:05.715062,12842,33,False,True,
12842,interval_k20_det_20,"[56, 45, 50, 41, 52, 57, 42, 55, 58, 43, 59, 53, 49, 40, 46, 51, 44, 54, 48, 47]",0,2026-05-26T03:20:05.994056,True,2026-05-26T18:20:05.715273,12842,33,False,True,
12842,interval_k20_rand_20,"[52, 40, 58, 55, 48, 44, 53, 49, 59, 50, 51, 56, 54, 41, 43, 46, 45, 42, 57, 47]",0,2026-05-26T03:20:05.994056,True,2026-05-26T18:20:05.715613,12842,33,False,True,
12843,bucket_first_k2,"[33, 45, 0, 21, 41, 95, 50, 56, 96, 87]",0,2026-05-26T18:20:05.751779,True,2026-05-26T21:20:05.796878,12843,29,False,True,
12843,bucket_first_auto,"[95, 60, 50, 33, 21, 12, 45, 0, 74, 87]",0,2026-05-26T18:20:05.751779,True,2026-05-26T21:20:05.797111,12843,29,False,True,
12843,group_streaks,"[95, 50, 56, 96, 87, 52, 93, 99, 60, 62]",1,2026-05-26T18:20:05.751779,True,2026-05-26T21:20:05.797440,12843,29,False,False,
12843,bucket_first_k2_20,"[33, 45, 0, 21, 41, 25, 12, 36, 42, 39, 95, 50, 56, 96, 87, 52, 93, 99, 60, 62]",0,2026-05-26T18:20:05.751779,True,2026-05-26T21:20:05.797771,12843,29,False,True,
12843,bucket_first_auto_20,"[95, 96, 93, 60, 62, 65, 50, 56, 33, 36, 21, 25, 12, 14, 45, 41, 0, 5, 74, 87]",0,2026-05-26T18:20:05.751779,True,2026-05-26T21:20:05.797990,12843,29,False,True,
12843,group_streaks_20,"[95, 50, 56, 96, 87, 52, 93, 99, 60, 62, 57, 55, 65, 66, 74, 67, 58, 92, 90, 91]",1,2026-05-26T18:20:05.751779,True,2026-05-26T21:20:05.798206,12843,29,False,False,
12843,interval_k10_det_10,"[95, 96, 93, 99, 92, 90, 91, 98, 94, 97]",1,2026-05-26T18:20:05.751779,True,2026-05-26T21:20:05.798417,12843,29,False,False,
12843,interval_k10_rand_10,"[98, 97, 99, 95, 91, 93, 96, 94, 90, 92]",1,2026-05-26T18:20:05.751779,True,2026-05-26T21:20:05.798628,12843,29,False,False,
12843,interval_k10_det_20,"[95, 96, 93, 99, 92, 90, 91, 98, 94, 97, 33, 45, 0, 50, 56, 21, 41, 87, 52, 25]",1,2026-05-26T18:20:05.751779,True,2026-05-26T21:20:05.798837,12843,29,False,False,
12843,interval_k10_rand_20,"[93, 90, 99, 95, 98, 97, 94, 96, 91, 92, 33, 45, 0, 50, 56, 21, 41, 87, 52, 25]",1,2026-05-26T18:20:05.751779,True,2026-05-26T21:20:05.799047,12843,29,False,False,
12843,interval_k20_det_10,"[33, 21, 25, 36, 39, 38, 35, 20, 31, 23]",0,2026-05-26T18:20:05.751779,True,2026-05-26T21:20:05.799255,12843,29,False,True,
12843,interval_k20_rand_10,"[25, 33, 31, 35, 27, 39, 30, 29, 32, 20]",0,2026-05-26T18:20:05.751779,True,2026-05-26T21:20:05.799462,12843,29,True,True,8
12843,interval_k20_det_20,"[33, 21, 25, 36, 39, 38, 35, 20, 31, 23, 29, 34, 32, 27, 26, 30, 28, 37, 22, 24]",0,2026-05-26T18:20:05.751779,True,2026-05-26T21:20:05.799674,12843,29,True,True,11
12843,interval_k20_rand_20,"[39, 25, 24, 32, 21, 26, 30, 33, 23, 38, 31, 20, 22, 29, 34, 28, 35, 37, 36, 27]",0,2026-05-26T18:20:05.751779,True,2026-05-26T21:20:05.799886,12843,29,True,True,14
12844,bucket_first_k2,"[29, 45, 0, 41, 21, 95, 50, 96, 56, 87]",0,2026-05-26T21:20:05.839120,True,2026-05-27T00:20:05.934280,12844,68,False,False,
12844,bucket_first_auto,"[95, 60, 50, 33, 29, 12, 45, 0, 74, 87]",0,2026-05-26T21:20:05.839120,True,2026-05-27T00:20:05.934514,12844,68,False,False,
12844,group_streaks,"[29, 45, 0, 41, 21, 25, 33, 12, 36, 42]",0,2026-05-26T21:20:05.839120,True,2026-05-27T00:20:05.934864,12844,68,False,False,
12844,bucket_first_k2_20,"[29, 45, 0, 41, 21, 25, 33, 12, 36, 42, 95, 50, 96, 56, 87, 52, 93, 99, 60, 62]",0,2026-05-26T21:20:05.839120,True,2026-05-27T00:20:05.935085,12844,68,False,False,
12844,bucket_first_auto_20,"[95, 96, 93, 60, 62, 65, 50, 56, 33, 36, 29, 21, 12, 14, 45, 41, 0, 5, 74, 87]",0,2026-05-26T21:20:05.839120,True,2026-05-27T00:20:05.935297,12844,68,False,False,
12844,group_streaks_20,"[29, 45, 0, 41, 21, 25, 33, 12, 36, 42, 39, 14, 10, 11, 5, 38, 35, 43, 20, 7]",0,2026-05-26T21:20:05.839120,True,2026-05-27T00:20:05.935509,12844,68,False,False,
12844,interval_k10_det_10,"[95, 96, 93, 99, 92, 90, 91, 98, 94, 97]",1,2026-05-26T21:20:05.839120,True,2026-05-27T00:20:05.935719,12844,68,False,True,
12844,interval_k10_rand_10,"[95, 93, 92, 97, 99, 91, 90, 96, 94, 98]",1,2026-05-26T21:20:05.839120,True,2026-05-27T00:20:05.935930,12844,68,False,True,
12844,interval_k10_det_20,"[95, 96, 93, 99, 92, 90, 91, 98, 94, 97, 29, 45, 0, 50, 56, 41, 21, 87, 52, 25]",1,2026-05-26T21:20:05.839120,True,2026-05-27T00:20:05.936151,12844,68,False,True,
12844,interval_k10_rand_20,"[93, 96, 92, 98, 97, 95, 94, 99, 90, 91, 29, 45, 0, 50, 56, 41, 21, 87, 52, 25]",1,2026-05-26T21:20:05.839120,True,2026-05-27T00:20:05.936357,12844,68,False,True,
12844,interval_k20_det_10,"[29, 21, 25, 33, 36, 39, 38, 35, 20, 31]",0,2026-05-26T21:20:05.839120,True,2026-05-27T00:20:05.936595,12844,68,False,False,
12844,interval_k20_rand_10,"[31, 35, 32, 39, 38, 33, 34, 20, 25, 21]",0,2026-05-26T21:20:05.839120,True,2026-05-27T00:20:05.936802,12844,68,False,False,
12844,interval_k20_det_20,"[29, 21, 25, 33, 36, 39, 38, 35, 20, 31, 23, 34, 32, 27, 26, 30, 28, 37, 22, 24]",0,2026-05-26T21:20:05.839120,True,2026-05-27T00:20:05.937029,12844,68,False,False,
12844,interval_k20_rand_20,"[37, 31, 36, 34, 23, 33, 22, 21, 38, 32, 29, 24, 39, 30, 27, 20, 35, 25, 26, 28]",0,2026-05-26T21:20:05.839120,True,2026-05-27T00:20:05.937248,12844,68,False,False,
12845,bucket_first_k2,"[45, 0, 41, 21, 25, 68, 95, 50, 96, 56]",0,2026-05-27T00:20:05.971052,True,2026-05-27T03:20:06.400001,12845,59,False,False,
12845,bucket_first_auto,"[68, 95, 50, 33, 21, 12, 45, 0, 74, 87]",0,2026-05-27T00:20:05.971052,True,2026-05-27T03:20:06.400243,12845,59,False,False,
12845,group_streaks,"[68, 95, 50, 96, 56, 87, 52, 93, 60, 99]",1,2026-05-27T00:20:05.971052,True,2026-05-27T03:20:06.400529,12845,59,False,True,
12845,bucket_first_k2_20,"[45, 0, 41, 21, 25, 33, 29, 12, 36, 42, 68, 95, 50, 96, 56, 87, 52, 93, 60, 99]",0,2026-05-27T00:20:05.971052,True,2026-05-27T03:20:06.400744,12845,59,False,False,
12845,bucket_first_auto_20,"[68, 60, 62, 95, 96, 93, 50, 56, 33, 36, 21, 25, 12, 14, 45, 41, 0, 5, 74, 87]",0,2026-05-27T00:20:05.971052,True,2026-05-27T03:20:06.401007,12845,59,False,False,
12845,group_streaks_20,"[68, 95, 50, 96, 56, 87, 52, 93, 60, 99, 62, 57, 55, 65, 66, 74, 67, 58, 92, 90]",1,2026-05-27T00:20:05.971052,True,2026-05-27T03:20:06.401228,12845,59,False,True,
12845,interval_k10_det_10,"[68, 60, 62, 65, 66, 67, 63, 64, 61, 69]",1,2026-05-27T00:20:05.971052,True,2026-05-27T03:20:06.401433,12845,59,False,True,
12845,interval_k10_rand_10,"[67, 63, 60, 66, 68, 64, 62, 65, 61, 69]",1,2026-05-27T00:20:05.971052,True,2026-05-27T03:20:06.401715,12845,59,False,True,
12845,interval_k10_det_20,"[68, 60, 62, 65, 66, 67, 63, 64, 61, 69, 95, 45, 0, 50, 96, 56, 41, 87, 52, 21]",1,2026-05-27T00:20:05.971052,True,2026-05-27T03:20:06.401952,12845,59,False,True,
12845,interval_k10_rand_20,"[62, 69, 68, 67, 61, 66, 65, 63, 60, 64, 95, 45, 0, 50, 96, 56, 41, 87, 52, 21]",1,2026-05-27T00:20:05.971052,True,2026-05-27T03:20:06.402174,12845,59,False,True,
12845,interval_k20_det_10,"[21, 25, 33, 29, 36, 39, 38, 35, 20, 31]",0,2026-05-27T00:20:05.971052,True,2026-05-27T03:20:06.402376,12845,59,False,False,
12845,interval_k20_rand_10,"[31, 33, 28, 21, 25, 38, 34, 27, 20, 26]",0,2026-05-27T00:20:05.971052,True,2026-05-27T03:20:06.402751,12845,59,False,False,
12845,interval_k20_det_20,"[21, 25, 33, 29, 36, 39, 38, 35, 20, 31, 23, 34, 32, 27, 26, 30, 28, 37, 22, 24]",0,2026-05-27T00:20:05.971052,True,2026-05-27T03:20:06.402974,12845,59,False,False,
12845,interval_k20_rand_20,"[33, 36, 26, 30, 38, 35, 25, 29, 20, 27, 24, 32, 39, 28, 31, 34, 21, 23, 22, 37]",0,2026-05-27T00:20:05.971052,True,2026-05-27T03:20:06.403187,12845,59,False,False,
12846,bucket_first_k2,"[59, 95, 50, 96, 56, 45, 0, 41, 21, 25]",0,2026-05-27T03:20:06.436174,True,2026-05-27T18:20:05.790601,12846,79,False,False,
12846,bucket_first_auto,"[59, 60, 95, 33, 21, 12, 45, 0, 74, 87]",0,2026-05-27T03:20:06.436174,True,2026-05-27T18:20:05.790859,12846,79,False,False,
12846,group_streaks,"[59, 95, 50, 96, 56, 87, 52, 93, 60, 99]",1,2026-05-27T03:20:06.436174,True,2026-05-27T18:20:05.791226,12846,79,False,True,
12846,bucket_first_k2_20,"[59, 95, 50, 96, 56, 87, 52, 93, 60, 99, 45, 0, 41, 21, 25, 33, 29, 12, 36, 42]",0,2026-05-27T03:20:06.436174,True,2026-05-27T18:20:05.791470,12846,79,False,False,
12846,bucket_first_auto_20,"[59, 50, 56, 60, 62, 68, 95, 96, 33, 36, 21, 25, 12, 14, 45, 41, 0, 5, 74, 87]",0,2026-05-27T03:20:06.436174,True,2026-05-27T18:20:05.791705,12846,79,False,False,
12846,group_streaks_20,"[59, 95, 50, 96, 56, 87, 52, 93, 60, 99, 62, 57, 68, 55, 65, 66, 74, 67, 58, 92]",1,2026-05-27T03:20:06.436174,True,2026-05-27T18:20:05.791951,12846,79,False,True,
12846,interval_k10_det_10,"[59, 50, 56, 52, 57, 55, 58, 53, 51, 54]",1,2026-05-27T03:20:06.436174,True,2026-05-27T18:20:05.792184,12846,79,False,True,
12846,interval_k10_rand_10,"[59, 51, 56, 53, 55, 52, 58, 57, 50, 54]",1,2026-05-27T03:20:06.436174,True,2026-05-27T18:20:05.792417,12846,79,False,True,
12846,interval_k10_det_20,"[59, 50, 56, 52, 57, 55, 58, 53, 51, 54, 95, 45, 0, 96, 41, 87, 21, 25, 93, 33]",1,2026-05-27T03:20:06.436174,True,2026-05-27T18:20:05.792704,12846,79,False,True,
12846,interval_k10_rand_20,"[59, 58, 54, 50, 52, 53, 57, 51, 55, 56, 95, 45, 0, 96, 41, 87, 21, 25, 93, 33]",1,2026-05-27T03:20:06.436174,True,2026-05-27T18:20:05.792939,12846,79,False,True,
12846,interval_k20_det_10,"[21, 25, 33, 29, 36, 39, 38, 35, 20, 31]",0,2026-05-27T03:20:06.436174,True,2026-05-27T18:20:05.793170,12846,79,False,False,
12846,interval_k20_rand_10,"[20, 29, 30, 21, 38, 26, 25, 33, 35, 39]",0,2026-05-27T03:20:06.436174,True,2026-05-27T18:20:05.793400,12846,79,False,False,
12846,interval_k20_det_20,"[21, 25, 33, 29, 36, 39, 38, 35, 20, 31, 23, 34, 32, 27, 26, 30, 28, 37, 22, 24]",0,2026-05-27T03:20:06.436174,True,2026-05-27T18:20:05.793634,12846,79,False,False,
12846,interval_k20_rand_20,"[25, 31, 37, 23, 33, 20, 38, 30, 21, 36, 26, 34, 22, 27, 24, 39, 28, 35, 32, 29]",0,2026-05-27T03:20:06.436174,True,2026-05-27T18:20:05.793866,12846,79,False,False,
12847,bucket_first_k2,"[79, 95, 50, 96, 56, 45, 0, 41, 21, 25]",0,2026-05-27T18:20:05.840132,True,2026-05-27T21:20:05.865346,12847,44,False,True,
12847,bucket_first_auto,"[50, 60, 95, 33, 21, 12, 45, 0, 79, 87]",0,2026-05-27T18:20:05.840132,True,2026-05-27T21:20:05.865731,12847,44,False,True,
12847,group_streaks,"[79, 95, 50, 96, 56, 87, 52, 59, 93, 60]",1,2026-05-27T18:20:05.840132,True,2026-05-27T21:20:05.866232,12847,44,False,False,
12847,bucket_first_k2_20,"[79, 95, 50, 96, 56, 87, 52, 59, 93, 60, 45, 0, 41, 21, 25, 33, 29, 12, 36, 42]",0,2026-05-27T18:20:05.840132,True,2026-05-27T21:20:05.866491,12847,44,False,True,
12847,bucket_first_auto_20,"[50, 56, 52, 60, 62, 68, 95, 96, 33, 36, 21, 25, 12, 14, 45, 41, 0, 5, 79, 87]",0,2026-05-27T18:20:05.840132,True,2026-05-27T21:20:05.866726,12847,44,False,True,
12847,group_streaks_20,"[79, 95, 50, 96, 56, 87, 52, 59, 93, 60, 99, 62, 57, 68, 55, 65, 66, 74, 67, 58]",1,2026-05-27T18:20:05.840132,True,2026-05-27T21:20:05.866990,12847,44,False,False,
12847,interval_k10_det_10,"[50, 56, 52, 59, 57, 55, 58, 53, 51, 54]",1,2026-05-27T18:20:05.840132,True,2026-05-27T21:20:05.867222,12847,44,False,False,
12847,interval_k10_rand_10,"[54, 56, 52, 57, 59, 53, 50, 51, 55, 58]",1,2026-05-27T18:20:05.840132,True,2026-05-27T21:20:05.867460,12847,44,False,False,
12847,interval_k10_det_20,"[50, 56, 52, 59, 57, 55, 58, 53, 51, 54, 79, 95, 45, 0, 96, 41, 87, 21, 25, 93]",1,2026-05-27T18:20:05.840132,True,2026-05-27T21:20:05.867669,12847,44,False,False,
12847,interval_k10_rand_20,"[53, 59, 55, 50, 52, 57, 56, 54, 58, 51, 79, 95, 45, 0, 96, 41, 87, 21, 25, 93]",1,2026-05-27T18:20:05.840132,True,2026-05-27T21:20:05.867876,12847,44,False,False,
12847,interval_k20_det_10,"[21, 25, 33, 29, 36, 39, 38, 35, 20, 31]",0,2026-05-27T18:20:05.840132,True,2026-05-27T21:20:05.868086,12847,44,False,True,
12847,interval_k20_rand_10,"[23, 31, 22, 39, 25, 38, 34, 26, 20, 30]",0,2026-05-27T18:20:05.840132,True,2026-05-27T21:20:05.868489,12847,44,False,True,
12847,interval_k20_det_20,"[21, 25, 33, 29, 36, 39, 38, 35, 20, 31, 23, 34, 32, 27, 26, 30, 28, 37, 22, 24]",0,2026-05-27T18:20:05.840132,True,2026-05-27T21:20:05.868910,12847,44,False,True,
12847,interval_k20_rand_20,"[39, 30, 36, 31, 23, 27, 37, 26, 21, 35, 28, 25, 22, 24, 33, 34, 29, 38, 20, 32]",0,2026-05-27T18:20:05.840132,True,2026-05-27T21:20:05.869193,12847,44,False,True,
12848,bucket_first_k2,"[95, 50, 96, 56, 52, 44, 45, 0, 41, 21]",0,2026-05-27T21:20:05.916550,True,2026-05-28T00:20:05.997303,12848,51,False,False,
12848,bucket_first_auto,"[50, 60, 95, 33, 21, 44, 12, 0, 79, 87]",0,2026-05-27T21:20:05.916550,True,2026-05-28T00:20:05.997658,12848,51,False,False,
12848,group_streaks,"[95, 50, 96, 56, 52, 87, 79, 59, 93, 60]",1,2026-05-27T21:20:05.916550,True,2026-05-28T00:20:05.997938,12848,51,False,True,
12848,bucket_first_k2_20,"[95, 50, 96, 56, 52, 87, 79, 59, 93, 60, 44, 45, 0, 41, 21, 25, 33, 12, 29, 36]",0,2026-05-27T21:20:05.916550,True,2026-05-28T00:20:05.998367,12848,51,False,False,
12848,bucket_first_auto_20,"[50, 56, 52, 60, 62, 68, 95, 96, 33, 36, 21, 25, 44, 45, 12, 14, 0, 5, 79, 87]",0,2026-05-27T21:20:05.916550,True,2026-05-28T00:20:05.998763,12848,51,False,False,
12848,group_streaks_20,"[95, 50, 96, 56, 52, 87, 79, 59, 93, 60, 99, 62, 57, 68, 55, 65, 66, 74, 67, 58]",1,2026-05-27T21:20:05.916550,True,2026-05-28T00:20:05.998998,12848,51,False,True,
12848,interval_k10_det_10,"[50, 56, 52, 59, 57, 55, 58, 53, 51, 54]",1,2026-05-27T21:20:05.916550,True,2026-05-28T00:20:05.999272,12848,51,True,True,9
12848,interval_k10_rand_10,"[59, 52, 55, 56, 57, 50, 51, 58, 54, 53]",1,2026-05-27T21:20:05.916550,True,2026-05-28T00:20:05.999686,12848,51,True,True,7
12848,interval_k10_det_20,"[50, 56, 52, 59, 57, 55, 58, 53, 51, 54, 44, 95, 45, 0, 96, 41, 87, 21, 79, 25]",1,2026-05-27T21:20:05.916550,True,2026-05-28T00:20:06.000173,12848,51,True,True,9
12848,interval_k10_rand_20,"[59, 56, 58, 53, 57, 52, 55, 50, 51, 54, 44, 95, 45, 0, 96, 41, 87, 21, 79, 25]",1,2026-05-27T21:20:05.916550,True,2026-05-28T00:20:06.000630,12848,51,True,True,9
12848,interval_k20_det_10,"[44, 45, 50, 56, 41, 52, 59, 57, 42, 55]",1,2026-05-27T21:20:05.916550,True,2026-05-28T00:20:06.000995,12848,51,False,True,
12848,interval_k20_rand_10,"[43, 56, 40, 55, 53, 47, 57, 44, 50, 41]",0,2026-05-27T21:20:05.916550,True,2026-05-28T00:20:06.001398,12848,51,False,False,
12848,interval_k20_det_20,"[44, 45, 50, 56, 41, 52, 59, 57, 42, 55, 43, 58, 53, 49, 40, 46, 51, 54, 48, 47]",0,2026-05-27T21:20:05.916550,True,2026-05-28T00:20:06.001804,12848,51,True,False,17
12848,interval_k20_rand_20,"[41, 59, 56, 53, 50, 57, 43, 42, 52, 45, 51, 58, 44, 46, 55, 47, 40, 54, 48, 49]",0,2026-05-27T21:20:05.916550,True,2026-05-28T00:20:06.002185,12848,51,True,False,11
12849,bucket_first_k2,"[51, 95, 50, 96, 56, 45, 0, 41, 21, 25]",0,2026-05-28T00:20:06.053517,True,2026-05-28T03:20:06.233281,12849,52,False,False,
12849,bucket_first_auto,"[51, 60, 95, 33, 21, 45, 12, 0, 79, 87]",0,2026-05-28T00:20:06.053517,True,2026-05-28T03:20:06.233534,12849,52,False,False,
12849,group_streaks,"[51, 95, 50, 96, 56, 52, 87, 79, 59, 93]",1,2026-05-28T00:20:06.053517,True,2026-05-28T03:20:06.233746,12849,52,True,True,6
12849,bucket_first_k2_20,"[51, 95, 50, 96, 56, 52, 87, 79, 59, 93, 45, 0, 41, 21, 25, 33, 12, 29, 36, 42]",0,2026-05-28T00:20:06.053517,True,2026-05-28T03:20:06.233955,12849,52,True,False,6
12849,bucket_first_auto_20,"[51, 50, 56, 60, 62, 68, 95, 96, 33, 36, 21, 25, 45, 41, 12, 14, 0, 5, 79, 87]",0,2026-05-28T00:20:06.053517,True,2026-05-28T03:20:06.234165,12849,52,False,False,
12849,group_streaks_20,"[51, 95, 50, 96, 56, 52, 87, 79, 59, 93, 60, 99, 62, 57, 68, 55, 65, 66, 74, 67]",1,2026-05-28T00:20:06.053517,True,2026-05-28T03:20:06.234375,12849,52,True,True,6
12849,interval_k10_det_10,"[51, 50, 56, 52, 59, 57, 55, 58, 53, 54]",1,2026-05-28T00:20:06.053517,True,2026-05-28T03:20:06.234583,12849,52,True,True,4
12849,interval_k10_rand_10,"[57, 52, 54, 55, 56, 53, 58, 59, 51, 50]",1,2026-05-28T00:20:06.053517,True,2026-05-28T03:20:06.234791,12849,52,True,True,2
12849,interval_k10_det_20,"[51, 50, 56, 52, 59, 57, 55, 58, 53, 54, 95, 45, 0, 96, 41, 87, 21, 79, 25, 93]",1,2026-05-28T00:20:06.053517,True,2026-05-28T03:20:06.235204,12849,52,True,True,4
12849,interval_k10_rand_20,"[56, 55, 50, 59, 52, 58, 53, 51, 54, 57, 95, 45, 0, 96, 41, 87, 21, 79, 25, 93]",1,2026-05-28T00:20:06.053517,True,2026-05-28T03:20:06.235437,12849,52,True,True,5
12849,interval_k20_det_10,"[51, 45, 50, 56, 41, 52, 59, 57, 42, 44]",1,2026-05-28T00:20:06.053517,True,2026-05-28T03:20:06.235648,12849,52,True,True,6
12849,interval_k20_rand_10,"[49, 52, 44, 50, 43, 55, 41, 51, 46, 45]",0,2026-05-28T00:20:06.053517,True,2026-05-28T03:20:06.235855,12849,52,True,False,2
12849,interval_k20_det_20,"[51, 45, 50, 56, 41, 52, 59, 57, 42, 44, 55, 43, 58, 53, 49, 40, 46, 54, 48, 47]",0,2026-05-28T00:20:06.053517,True,2026-05-28T03:20:06.236065,12849,52,True,False,6
12849,interval_k20_rand_20,"[54, 53, 58, 52, 45, 49, 41, 51, 56, 50, 57, 48, 55, 47, 42, 43, 59, 40, 44, 46]",0,2026-05-28T00:20:06.053517,True,2026-05-28T03:20:06.236273,12849,52,True,False,4
12850,bucket_first_k2,"[52, 95, 50, 96, 56, 45, 0, 41, 21, 25]",0,2026-05-28T03:20:06.270987,True,2026-05-28T18:20:06.193157,12850,18,False,True,
12850,bucket_first_auto,"[52, 60, 95, 33, 21, 45, 12, 0, 79, 87]",0,2026-05-28T03:20:06.270987,True,2026-05-28T18:20:06.193622,12850,18,False,True,
12850,group_streaks,"[52, 95, 50, 96, 56, 87, 79, 59, 93, 60]",1,2026-05-28T03:20:06.270987,True,2026-05-28T18:20:06.194036,12850,18,False,False,
12850,bucket_first_k2_20,"[52, 95, 50, 96, 56, 87, 79, 59, 93, 60, 45, 0, 41, 21, 25, 33, 12, 29, 36, 42]",0,2026-05-28T03:20:06.270987,True,2026-05-28T18:20:06.194504,12850,18,False,True,
12850,bucket_first_auto_20,"[52, 50, 56, 60, 62, 68, 95, 96, 33, 36, 21, 25, 45, 41, 12, 14, 0, 5, 79, 87]",0,2026-05-28T03:20:06.270987,True,2026-05-28T18:20:06.194928,12850,18,False,True,
12850,group_streaks_20,"[52, 95, 50, 96, 56, 87, 79, 59, 93, 60, 99, 62, 51, 57, 68, 55, 65, 66, 74, 67]",1,2026-05-28T03:20:06.270987,True,2026-05-28T18:20:06.195336,12850,18,False,False,
12850,interval_k10_det_10,"[52, 50, 56, 59, 51, 57, 55, 58, 53, 54]",1,2026-05-28T03:20:06.270987,True,2026-05-28T18:20:06.195734,12850,18,False,False,
12850,interval_k10_rand_10,"[52, 55, 59, 58, 51, 53, 56, 57, 54, 50]",1,2026-05-28T03:20:06.270987,True,2026-05-28T18:20:06.196132,12850,18,False,False,
12850,interval_k10_det_20,"[52, 50, 56, 59, 51, 57, 55, 58, 53, 54, 95, 45, 0, 96, 41, 87, 21, 79, 25, 93]",1,2026-05-28T03:20:06.270987,True,2026-05-28T18:20:06.196617,12850,18,False,False,
12850,interval_k10_rand_20,"[52, 57, 59, 53, 56, 58, 55, 54, 50, 51, 95, 45, 0, 96, 41, 87, 21, 79, 25, 93]",1,2026-05-28T03:20:06.270987,True,2026-05-28T18:20:06.197047,12850,18,False,False,
12850,interval_k20_det_10,"[52, 45, 50, 56, 41, 59, 51, 57, 42, 44]",1,2026-05-28T03:20:06.270987,True,2026-05-28T18:20:06.197454,12850,18,False,False,
12850,interval_k20_rand_10,"[59, 42, 57, 56, 41, 52, 47, 55, 44, 40]",0,2026-05-28T03:20:06.270987,True,2026-05-28T18:20:06.197838,12850,18,False,True,
12850,interval_k20_det_20,"[52, 45, 50, 56, 41, 59, 51, 57, 42, 44, 55, 43, 58, 53, 49, 40, 46, 54, 48, 47]",0,2026-05-28T03:20:06.270987,True,2026-05-28T18:20:06.198254,12850,18,False,True,
12850,interval_k20_rand_20,"[43, 50, 51, 41, 59, 46, 53, 49, 45, 55, 40, 42, 47, 56, 58, 54, 52, 57, 48, 44]",0,2026-05-28T03:20:06.270987,True,2026-05-28T18:20:06.198663,12850,18,False,True,
12851,bucket_first_k2,"[95, 52, 50, 96, 56, 18, 45, 0, 41, 21]",0,2026-05-28T18:20:06.245033,True,2026-05-28T21:20:05.828271,12851,13,False,True,
12851,bucket_first_auto,"[52, 60, 95, 33, 18, 21, 45, 0, 79, 87]",0,2026-05-28T18:20:06.245033,True,2026-05-28T21:20:05.828555,12851,13,False,True,
12851,group_streaks,"[95, 52, 50, 96, 56, 87, 79, 59, 93, 60]",1,2026-05-28T18:20:06.245033,True,2026-05-28T21:20:05.828776,12851,13,False,False,
12851,bucket_first_k2_20,"[95, 52, 50, 96, 56, 87, 79, 59, 93, 60, 18, 45, 0, 41, 21, 25, 33, 12, 29, 36]",0,2026-05-28T18:20:06.245033,True,2026-05-28T21:20:05.828990,12851,13,False,True,
12851,bucket_first_auto_20,"[52, 50, 56, 60, 62, 68, 95, 96, 33, 36, 18, 12, 21, 25, 45, 41, 0, 5, 79, 87]",0,2026-05-28T18:20:06.245033,True,2026-05-28T21:20:05.829203,12851,13,False,True,
12851,group_streaks_20,"[95, 52, 50, 96, 56, 87, 79, 59, 93, 60, 99, 62, 51, 57, 68, 55, 65, 66, 74, 67]",1,2026-05-28T18:20:06.245033,True,2026-05-28T21:20:05.829417,12851,13,False,False,
12851,interval_k10_det_10,"[52, 50, 56, 59, 51, 57, 55, 58, 53, 54]",1,2026-05-28T18:20:06.245033,True,2026-05-28T21:20:05.829626,12851,13,False,False,
12851,interval_k10_rand_10,"[58, 57, 56, 59, 53, 52, 50, 51, 55, 54]",1,2026-05-28T18:20:06.245033,True,2026-05-28T21:20:05.829835,12851,13,False,False,
12851,interval_k10_det_20,"[52, 50, 56, 59, 51, 57, 55, 58, 53, 54, 18, 95, 45, 0, 96, 41, 87, 21, 79, 25]",1,2026-05-28T18:20:06.245033,True,2026-05-28T21:20:05.830086,12851,13,False,False,
12851,interval_k10_rand_20,"[55, 57, 52, 50, 58, 56, 59, 54, 53, 51, 18, 95, 45, 0, 96, 41, 87, 21, 79, 25]",1,2026-05-28T18:20:06.245033,True,2026-05-28T21:20:05.830310,12851,13,False,False,
12851,interval_k20_det_10,"[52, 45, 50, 56, 41, 59, 51, 57, 42, 44]",1,2026-05-28T18:20:06.245033,True,2026-05-28T21:20:05.830523,12851,13,False,False,
12851,interval_k20_rand_10,"[51, 42, 45, 40, 43, 48, 52, 59, 55, 54]",0,2026-05-28T18:20:06.245033,True,2026-05-28T21:20:05.830736,12851,13,False,True,
12851,interval_k20_det_20,"[52, 45, 50, 56, 41, 59, 51, 57, 42, 44, 55, 43, 58, 53, 49, 40, 46, 54, 48, 47]",0,2026-05-28T18:20:06.245033,True,2026-05-28T21:20:05.830950,12851,13,False,True,
12851,interval_k20_rand_20,"[46, 56, 57, 42, 43, 50, 58, 41, 44, 45, 59, 52, 49, 55, 47, 53, 51, 54, 40, 48]",0,2026-05-28T18:20:06.245033,True,2026-05-28T21:20:05.831211,12851,13,False,True,
12852,bucket_first_k2,"[95, 52, 50, 96, 56, 13, 45, 0, 41, 21]",0,2026-05-28T21:20:05.870619,True,2026-05-29T00:20:06.479061,12852,6,False,True,
12852,bucket_first_auto,"[52, 60, 13, 95, 33, 21, 45, 0, 79, 87]",0,2026-05-28T21:20:05.870619,True,2026-05-29T00:20:06.479315,12852,6,False,True,
12852,group_streaks,"[13, 45, 0, 41, 21, 25, 33, 12, 29, 18]",0,2026-05-28T21:20:05.870619,True,2026-05-29T00:20:06.479531,12852,6,False,True,
12852,bucket_first_k2_20,"[95, 52, 50, 96, 56, 87, 79, 59, 93, 60, 13, 45, 0, 41, 21, 25, 33, 12, 29, 18]",0,2026-05-28T21:20:05.870619,True,2026-05-29T00:20:06.479749,12852,6,False,True,
12852,bucket_first_auto_20,"[52, 50, 56, 60, 62, 13, 12, 95, 96, 33, 36, 21, 25, 45, 41, 0, 5, 79, 74, 87]",0,2026-05-28T21:20:05.870619,True,2026-05-29T00:20:06.479964,12852,6,False,True,
12852,group_streaks_20,"[13, 45, 0, 41, 21, 25, 33, 12, 29, 18, 36, 42, 44, 39, 10, 14, 11, 5, 38, 35]",0,2026-05-28T21:20:05.870619,True,2026-05-29T00:20:06.480178,12852,6,False,True,
12852,interval_k10_det_10,"[52, 50, 56, 59, 51, 57, 55, 58, 53, 54]",1,2026-05-28T21:20:05.870619,True,2026-05-29T00:20:06.480391,12852,6,False,False,
12852,interval_k10_rand_10,"[57, 50, 59, 55, 53, 58, 51, 54, 52, 56]",1,2026-05-28T21:20:05.870619,True,2026-05-29T00:20:06.480657,12852,6,False,False,
12852,interval_k10_det_20,"[52, 50, 56, 59, 51, 57, 55, 58, 53, 54, 13, 95, 45, 0, 96, 41, 87, 21, 79, 25]",1,2026-05-28T21:20:05.870619,True,2026-05-29T00:20:06.480887,12852,6,False,False,
12852,interval_k10_rand_20,"[57, 59, 56, 51, 58, 52, 55, 53, 50, 54, 13, 95, 45, 0, 96, 41, 87, 21, 79, 25]",1,2026-05-28T21:20:05.870619,True,2026-05-29T00:20:06.481104,12852,6,False,False,
12852,interval_k20_det_10,"[52, 45, 50, 56, 41, 59, 51, 57, 42, 44]",1,2026-05-28T21:20:05.870619,True,2026-05-29T00:20:06.481316,12852,6,False,False,
12852,interval_k20_rand_10,"[57, 41, 46, 42, 45, 49, 52, 56, 51, 55]",0,2026-05-28T21:20:05.870619,True,2026-05-29T00:20:06.481555,12852,6,False,True,
12852,interval_k20_det_20,"[52, 45, 50, 56, 41, 59, 51, 57, 42, 44, 55, 43, 58, 53, 49, 40, 46, 54, 48, 47]",0,2026-05-28T21:20:05.870619,True,2026-05-29T00:20:06.481771,12852,6,False,True,
12852,interval_k20_rand_20,"[52, 58, 53, 46, 47, 50, 57, 44, 56, 48, 40, 41, 49, 43, 45, 42, 54, 55, 51, 59]",0,2026-05-28T21:20:05.870619,True,2026-05-29T00:20:06.481986,12852,6,False,True,
12853,bucket_first_k2,"[6, 45, 0, 41, 21, 95, 52, 50, 96, 56]",0,2026-05-29T00:20:06.534685,True,2026-05-29T03:20:05.621504,12853,47,False,True,
12853,bucket_first_auto,"[52, 60, 12, 95, 33, 21, 45, 6, 79, 87]",0,2026-05-29T00:20:06.534685,True,2026-05-29T03:20:05.621744,12853,47,False,True,
12853,group_streaks,"[6, 45, 0, 41, 21, 25, 33, 12, 29, 18]",0,2026-05-29T00:20:06.534685,True,2026-05-29T03:20:05.621954,12853,47,False,True,
12853,bucket_first_k2_20,"[6, 45, 0, 41, 21, 25, 33, 12, 29, 18, 95, 52, 50, 96, 56, 87, 79, 59, 60, 93]",0,2026-05-29T00:20:06.534685,True,2026-05-29T03:20:05.622164,12853,47,False,True,
12853,bucket_first_auto_20,"[52, 50, 56, 60, 62, 12, 18, 95, 96, 33, 36, 21, 25, 45, 41, 6, 0, 79, 74, 87]",0,2026-05-29T00:20:06.534685,True,2026-05-29T03:20:05.622379,12853,47,False,True,
12853,group_streaks_20,"[6, 45, 0, 41, 21, 25, 33, 12, 29, 18, 36, 42, 44, 13, 39, 10, 14, 11, 5, 38]",0,2026-05-29T00:20:06.534685,True,2026-05-29T03:20:05.622590,12853,47,False,True,
12853,interval_k10_det_10,"[52, 50, 56, 59, 51, 57, 55, 58, 53, 54]",1,2026-05-29T00:20:06.534685,True,2026-05-29T03:20:05.622797,12853,47,False,False,
12853,interval_k10_rand_10,"[56, 55, 59, 57, 51, 53, 52, 54, 58, 50]",1,2026-05-29T00:20:06.534685,True,2026-05-29T03:20:05.623004,12853,47,False,False,
12853,interval_k10_det_20,"[52, 50, 56, 59, 51, 57, 55, 58, 53, 54, 6, 95, 45, 0, 96, 41, 87, 21, 79, 25]",1,2026-05-29T00:20:06.534685,True,2026-05-29T03:20:05.623213,12853,47,False,False,
12853,interval_k10_rand_20,"[57, 55, 50, 59, 56, 51, 58, 53, 54, 52, 6, 95, 45, 0, 96, 41, 87, 21, 79, 25]",1,2026-05-29T00:20:06.534685,True,2026-05-29T03:20:05.623421,12853,47,False,False,
12853,interval_k20_det_10,"[52, 45, 50, 56, 41, 59, 51, 57, 42, 44]",1,2026-05-29T00:20:06.534685,True,2026-05-29T03:20:05.623626,12853,47,False,False,
12853,interval_k20_rand_10,"[58, 46, 51, 52, 54, 50, 44, 53, 40, 45]",1,2026-05-29T00:20:06.534685,True,2026-05-29T03:20:05.623829,12853,47,False,False,
12853,interval_k20_det_20,"[52, 45, 50, 56, 41, 59, 51, 57, 42, 44, 55, 43, 58, 53, 49, 40, 46, 54, 48, 47]",0,2026-05-29T00:20:06.534685,True,2026-05-29T03:20:05.624038,12853,47,True,True,20
12853,interval_k20_rand_20,"[54, 53, 51, 56, 58, 59, 41, 49, 55, 52, 43, 42, 57, 50, 45, 46, 44, 48, 40, 47]",0,2026-05-29T00:20:06.534685,True,2026-05-29T03:20:05.624245,12853,47,True,True,20
12854,bucket_first_k2,"[47, 45, 0, 41, 21, 95, 52, 50, 96, 87]",0,2026-05-29T03:20:05.657444,False,,,,,,
12854,bucket_first_auto,"[52, 60, 12, 95, 47, 33, 21, 0, 79, 87]",0,2026-05-29T03:20:05.657444,False,,,,,,
12854,group_streaks,"[47, 45, 0, 41, 21, 6, 25, 12, 33, 29]",0,2026-05-29T03:20:05.657444,False,,,,,,
12854,bucket_first_k2_20,"[47, 45, 0, 41, 21, 6, 25, 12, 33, 29, 95, 52, 50, 96, 87, 56, 79, 59, 60, 93]",0,2026-05-29T03:20:05.657444,False,,,,,,
12854,bucket_first_auto_20,"[52, 50, 56, 60, 62, 12, 18, 95, 96, 47, 45, 33, 36, 21, 25, 0, 6, 79, 74, 87]",0,2026-05-29T03:20:05.657444,False,,,,,,
12854,group_streaks_20,"[47, 45, 0, 41, 21, 6, 25, 12, 33, 29, 18, 36, 42, 44, 13, 39, 10, 14, 11, 5]",0,2026-05-29T03:20:05.657444,False,,,,,,
12854,interval_k10_det_10,"[52, 50, 56, 59, 51, 57, 55, 58, 53, 54]",1,2026-05-29T03:20:05.657444,False,,,,,,
12854,interval_k10_rand_10,"[52, 54, 51, 50, 57, 58, 59, 55, 56, 53]",1,2026-05-29T03:20:05.657444,False,,,,,,
12854,interval_k10_det_20,"[52, 50, 56, 59, 51, 57, 55, 58, 53, 54, 47, 95, 45, 0, 96, 41, 87, 21, 6, 79]",1,2026-05-29T03:20:05.657444,False,,,,,,
12854,interval_k10_rand_20,"[52, 59, 58, 55, 56, 51, 57, 54, 53, 50, 47, 95, 45, 0, 96, 41, 87, 21, 6, 79]",1,2026-05-29T03:20:05.657444,False,,,,,,
12854,interval_k20_det_10,"[47, 52, 45, 50, 41, 56, 59, 51, 57, 42]",1,2026-05-29T03:20:05.657444,False,,,,,,
12854,interval_k20_rand_10,"[55, 46, 50, 52, 57, 41, 48, 43, 45, 51]",0,2026-05-29T03:20:05.657444,False,,,,,,
12854,interval_k20_det_20,"[47, 52, 45, 50, 41, 56, 59, 51, 57, 42, 44, 55, 43, 58, 53, 49, 40, 46, 54, 48]",0,2026-05-29T03:20:05.657444,False,,,,,,
12854,interval_k20_rand_20,"[50, 54, 45, 41, 42, 51, 58, 43, 57, 40, 59, 52, 48, 49, 55, 47, 53, 56, 46, 44]",0,2026-05-29T03:20:05.657444,False,,,,,,
